Response ID,Job Experience,Time Spent Remote,Company encouraged remote work,WFH collaboration ease,WFH personal recommendation,WFH time preference,In person - commute time ,In person - time working,In person - family time,Remote - commute time,WFH - working,WFH - family time,WFH - domestic work time,productivity
3,More than 5 years,60,4,3,3,60,6.0,1.0,6.0,5.0,2.0,7.0,7.0,1.2
4,Between 1 and 5 years,20,1,4,4,100,1.0,9.0,1.0,0.0,9.0,3.0,2.0,0.2
5,More than 5 years,5,1,5,4,60,1.0,8.0,13.0,0.0,6.0,15.0,3.0,-0.05
6,Between 1 and 5 years,5,4,5,5,50,1.0,8.0,2.0,0.0,7.0,3.0,3.0,0.0
8,Between 6 and 12 months,80,5,4,4,80,1.0,8.0,4.0,0.4,6.0,4.0,6.0,-1.1199999999999999
9,More than 5 years,60,5,4,4,20,0.0,8.0,12.0,0.0,8.0,13.0,1.0,0.0
13,Between 6 and 12 months,100,4,4,4,50,2.0,8.0,1.0,0.0,9.0,2.0,1.0,3.0
14,Between 1 and 5 years,40,3,4,4,80,1.0,12.0,4.0,0.0,13.0,5.0,1.0,0.8
15,More than 5 years,40,3,4,4,50,1.0,5.0,3.0,0.5,5.0,4.0,2.0,0.2
18,Between 1 and 5 years,5,5,2,1,40,3.0,10.0,2.0,1.0,12.0,2.0,2.0,0.2
19,Between 6 and 12 months,50,5,5,5,50,0.5,4.0,8.0,0.0,5.0,8.0,0.5,0.75
20,More than 5 years,40,1,4,4,40,2.0,8.0,1.0,0.5,8.0,1.5,3.0,0.6000000000000001
21,More than 5 years,20,4,4,4,90,3.0,8.0,2.0,0.5,8.0,4.0,3.0,0.5
23,Between 1 and 5 years,80,3,3,5,50,1.5,7.5,4.0,1.0,7.5,2.0,2.0,0.4
24,More than 5 years,30,3,3,4,50,2.0,8.0,10.0,0.0,8.0,12.0,4.0,0.6
25,More than 5 years,10,3,3,5,70,3.0,10.0,3.0,1.0,11.0,5.0,2.0,0.30000000000000004
26,More than 5 years,5,1,1,4,5,2.0,10.0,10.0,0.0,10.0,10.0,4.0,0.1
27,More than 5 years,5,2,2,3,40,2.0,6.0,0.5,0.0,8.0,1.0,0.0,0.2
29,Between 1 and 5 years,40,3,4,3,30,1.0,8.0,5.0,1.0,8.0,6.0,6.0,0.0
30,More than 5 years,50,5,4,5,60,2.0,8.0,4.0,0.0,8.0,5.0,1.0,1.0
31,More than 5 years,10,5,4,5,60,1.0,8.5,3.0,0.0,9.5,4.0,3.0,0.2
32,More than 5 years,50,5,5,5,80,4.0,8.5,3.5,0.0,9.5,3.5,1.0,2.5
33,Between 6 and 12 months,90,5,2,2,30,2.0,8.0,8.0,1.0,10.0,5.0,8.0,2.7
34,Between 6 and 12 months,20,1,4,3,50,1.0,6.0,2.0,1.0,8.0,2.0,1.0,0.4
35,More than 5 years,5,5,4,4,60,0.5,8.0,3.0,0.0,8.0,4.0,4.0,0.025
37,More than 5 years,40,4,5,4,50,1.0,10.0,2.0,0.0,12.0,2.0,3.0,1.2000000000000002
39,Between 6 and 12 months,60,4,4,4,40,3.0,8.0,4.0,1.0,9.0,5.0,1.0,1.7999999999999998
40,More than 5 years,20,4,4,4,50,1.0,8.0,4.0,0.2,9.0,4.0,2.0,0.36000000000000004
42,Between 6 and 12 months,60,5,4,4,50,2.0,8.5,4.0,0.5,9.0,5.0,2.0,1.2
43,Between 6 and 12 months,90,2,3,5,80,4.0,8.0,2.0,0.0,10.0,2.0,1.0,5.4
44,Between 1 and 5 years,10,2,2,5,40,2.0,7.0,11.0,0.0,8.0,12.0,4.0,0.30000000000000004
45,More than 5 years,10,2,2,2,50,1.0,8.0,5.0,0.5,8.0,8.0,2.0,0.05
46,More than 5 years,30,3,4,4,30,1.0,8.0,4.0,0.5,6.0,6.0,2.0,-0.44999999999999996
49,More than 5 years,5,2,3,4,40,2.5,8.5,3.0,0.5,9.0,4.0,2.0,0.125
51,More than 5 years,30,4,3,4,70,2.0,8.0,11.0,0.0,12.0,7.0,3.0,1.7999999999999998
52,More than 5 years,30,3,4,4,60,0.1,6.0,6.0,0.0,7.0,6.0,3.0,0.33
53,Between 1 and 5 years,10,2,5,4,20,2.0,8.0,1.0,0.5,10.0,2.0,1.0,0.35000000000000003
54,More than 5 years,50,2,3,3,50,0.5,3.0,17.5,0.0,2.0,18.0,4.0,-0.25
55,More than 5 years,10,4,2,3,60,1.5,10.0,11.0,0.0,10.0,10.0,4.0,0.15000000000000002
57,More than 5 years,30,4,4,3,50,1.0,8.0,3.0,0.0,8.0,3.0,3.0,0.3
59,Between 1 and 5 years,5,4,2,3,50,1.5,6.0,5.0,0.5,6.0,7.0,3.0,0.05
60,More than 5 years,70,5,5,5,100,1.0,8.0,4.0,0.0,9.0,4.0,5.0,1.4
61,More than 5 years,5,2,2,2,90,3.0,9.0,2.0,0.5,10.0,3.0,2.0,0.17500000000000002
63,Between 1 and 5 years,10,3,2,3,50,2.5,9.0,3.0,1.0,9.0,3.0,2.0,0.15000000000000002
64,More than 5 years,100,5,4,4,20,1.0,3.0,18.0,1.0,6.0,15.0,2.0,3.0
65,More than 5 years,5,1,4,2,30,3.0,9.0,2.0,1.0,10.0,2.0,1.5,0.15000000000000002
67,More than 5 years,70,5,4,4,70,2.0,8.0,10.0,0.0,8.0,10.0,6.0,1.4
68,More than 5 years,60,3,4,2,50,1.0,9.0,4.0,0.5,6.0,6.0,4.0,-1.5
71,More than 5 years,100,5,5,4,80,0.5,8.0,2.0,0.0,9.0,2.0,2.0,1.5
72,Between 1 and 5 years,30,1,2,4,50,3.0,7.5,5.5,0.0,8.0,8.0,2.0,1.05
73,More than 5 years,60,5,5,5,90,3.0,8.0,3.0,1.0,9.0,4.0,2.0,1.7999999999999998
74,More than 5 years,10,2,4,4,50,2.5,8.0,2.0,0.5,9.0,3.0,5.0,0.30000000000000004
75,More than 5 years,90,2,4,4,60,3.0,8.0,1.0,0.0,6.0,6.0,4.0,0.9
76,More than 5 years,50,3,4,4,80,1.5,7.5,5.0,0.0,7.5,7.0,0.5,0.75
77,Between 1 and 5 years,40,3,3,4,40,3.0,6.0,4.0,2.0,7.0,3.0,1.0,0.8
78,More than 5 years,30,4,4,4,90,3.0,2.0,1.0,0.0,5.0,1.0,1.0,1.7999999999999998
79,More than 5 years,5,3,4,2,50,3.0,7.0,1.0,0.5,7.0,3.0,4.0,0.125
80,More than 5 years,30,5,5,5,90,1.0,10.0,1.0,0.0,11.0,2.0,1.0,0.6
81,More than 5 years,30,1,5,4,40,3.0,6.0,5.0,0.5,5.0,8.0,4.0,0.44999999999999996
82,More than 5 years,50,3,4,2,100,2.5,10.0,2.0,0.5,2.5,2.0,3.0,-2.75
83,Between 1 and 5 years,5,2,2,3,60,1.0,7.0,15.0,0.5,7.0,15.5,1.0,0.025
84,More than 5 years,5,3,3,4,70,3.5,7.6,2.0,0.0,7.6,4.5,4.0,0.17500000000000002
85,Between 1 and 5 years,20,2,5,4,70,6.0,7.0,2.0,1.0,8.0,4.0,4.0,1.2000000000000002
86,Between 6 and 12 months,30,3,2,1,30,1.0,10.0,4.0,0.0,10.0,5.0,2.0,0.3
87,Between 1 and 5 years,5,1,2,2,100,0.2,14.0,3.0,0.0,12.0,3.0,2.0,-0.09000000000000001
89,More than 5 years,30,4,4,5,80,2.5,7.0,3.0,0.5,8.0,4.0,2.0,0.8999999999999999
90,More than 5 years,30,3,4,4,60,1.0,1.0,2.0,0.0,6.0,3.0,3.0,1.7999999999999998
91,More than 5 years,100,4,4,4,100,1.0,1.0,1.0,1.0,1.0,1.0,1.0,0.0
92,More than 5 years,5,4,4,3,50,3.0,8.0,2.0,0.0,9.0,4.0,3.0,0.2
93,Between 1 and 5 years,10,1,4,3,20,1.5,8.0,4.0,0.5,8.0,4.0,1.0,0.1
96,Between 1 and 5 years,50,4,5,5,50,2.5,8.0,4.0,0.0,8.0,8.0,2.0,1.25
97,Between 6 and 12 months,100,5,5,5,100,1.0,8.0,4.0,0.0,10.0,2.0,1.0,3.0
99,More than 5 years,5,1,4,3,10,1.5,9.0,5.0,0.0,9.0,5.0,2.0,0.07500000000000001
100,More than 5 years,5,4,4,4,90,2.0,8.0,4.0,0.5,8.0,4.0,0.0,0.07500000000000001
102,More than 5 years,60,5,5,5,100,1.0,8.0,4.0,0.0,6.0,6.0,2.0,-0.6
103,More than 5 years,10,4,5,5,80,1.0,5.0,18.0,2.0,8.0,14.0,0.0,0.2
104,More than 5 years,90,3,5,3,80,2.0,7.0,4.0,0.0,7.0,5.5,1.5,1.8
105,More than 5 years,5,2,4,3,20,2.0,6.0,1.0,0.5,7.0,2.0,2.0,0.125
106,More than 5 years,70,5,5,4,40,1.0,8.0,4.0,0.0,9.0,4.0,3.0,1.4
107,More than 5 years,60,3,4,4,70,3.0,9.0,3.0,0.5,9.0,4.0,3.0,1.5
108,More than 5 years,80,3,4,3,50,5.0,8.0,2.0,1.0,8.0,4.0,3.0,3.2
109,Between 6 and 12 months,5,1,3,4,70,1.0,6.0,3.0,0.5,8.0,3.0,3.0,0.125
112,Between 6 and 12 months,20,4,4,4,40,0.75,8.0,4.0,0.0,9.0,5.0,1.0,0.35000000000000003
113,More than 5 years,20,4,4,4,40,1.5,9.0,3.0,0.5,9.0,3.0,4.0,0.2
114,Between 1 and 5 years,10,1,3,5,50,1.0,8.0,3.0,0.0,9.0,3.0,2.0,0.2
115,More than 5 years,50,4,5,5,100,3.0,9.0,3.0,0.5,9.0,3.0,2.0,1.25
116,Between 1 and 5 years,60,4,5,5,60,3.0,8.0,2.0,1.0,8.0,4.0,1.0,1.2
118,More than 5 years,10,2,4,3,40,2.0,7.0,4.0,0.5,7.0,6.0,1.0,0.15000000000000002
119,More than 5 years,20,5,5,4,40,0.1,8.0,8.0,0.1,8.0,8.0,7.9,0.0
120,More than 5 years,50,5,4,5,90,2.0,6.0,6.0,0.0,9.0,6.0,2.0,2.5
121,More than 5 years,10,3,3,4,90,2.0,8.0,4.0,1.0,8.0,4.0,1.0,0.1
122,More than 5 years,5,3,3,4,20,0.5,7.5,4.0,0.5,8.0,3.0,2.5,0.025
123,More than 5 years,5,1,4,3,50,2.0,8.5,3.0,0.5,10.0,3.0,1.5,0.15000000000000002
124,More than 5 years,30,4,4,4,30,1.0,10.0,3.0,1.0,10.0,4.0,2.0,0.0
126,Between 1 and 5 years,60,4,5,4,70,2.0,8.0,3.0,0.5,8.0,4.0,3.0,0.8999999999999999
127,More than 5 years,5,5,5,5,5,0.2,3.0,4.0,0.2,3.0,5.0,5.0,0.0
128,Between 1 and 5 years,5,3,3,3,50,3.0,9.0,2.0,0.0,9.0,2.0,3.0,0.15000000000000002
129,More than 5 years,50,4,4,5,90,2.0,8.0,3.0,0.0,8.0,5.0,4.0,1.0
130,Between 1 and 5 years,90,5,5,5,80,1.5,4.0,2.0,0.2,4.0,4.0,5.0,1.1700000000000002
131,Between 1 and 5 years,90,5,4,4,50,2.0,7.0,13.0,0.5,8.0,12.5,3.0,2.25
132,More than 5 years,30,4,5,4,50,1.0,7.5,3.0,1.0,7.5,5.0,3.0,0.0
133,More than 5 years,5,1,4,4,40,4.0,8.0,2.0,0.5,9.0,2.0,5.0,0.225
134,Between 1 and 5 years,30,3,4,4,40,1.0,8.0,2.0,0.0,8.0,2.0,1.0,0.3
135,More than 5 years,10,2,4,5,50,2.0,8.0,4.0,0.5,8.0,8.0,4.0,0.15000000000000002
136,More than 5 years,10,3,4,4,60,1.0,8.0,1.0,0.0,9.0,1.0,1.0,0.2
138,More than 5 years,5,3,4,3,20,1.0,8.0,2.0,0.0,8.0,3.0,2.0,0.05
141,Between 1 and 5 years,20,4,5,5,80,3.0,8.0,4.0,0.5,9.0,5.5,1.0,0.7000000000000001
142,More than 5 years,100,3,5,3,100,1.0,8.0,2.0,0.0,8.0,8.0,3.0,1.0
143,Between 1 and 5 years,5,3,4,4,30,1.5,5.5,3.5,0.05,6.0,3.5,5.5,0.0975
144,Between 1 and 5 years,20,3,4,4,100,2.0,8.0,3.0,0.2,8.0,5.0,3.0,0.36000000000000004
145,Between 1 and 5 years,5,3,5,4,20,0.75,4.5,2.5,0.5,6.0,2.0,1.5,0.08750000000000001
146,Between 1 and 5 years,100,1,4,5,100,2.0,6.0,0.5,0.0,8.0,2.0,1.0,4.0
147,More than 5 years,100,2,3,1,50,1.0,2.0,2.0,1.0,1.0,1.0,1.0,-1.0
148,More than 5 years,50,1,2,2,50,2.0,8.0,4.0,2.0,8.0,4.0,2.0,0.0
151,More than 5 years,40,5,5,5,50,3.0,7.0,2.0,0.0,8.0,4.0,4.0,1.6
152,Between 1 and 5 years,80,3,4,5,100,1.0,8.0,6.0,0.0,14.0,2.0,2.0,5.6000000000000005
155,Between 1 and 5 years,10,1,4,4,40,3.0,8.0,2.0,1.0,8.0,2.0,3.0,0.2
156,Between 1 and 5 years,30,3,4,4,30,2.5,5.0,4.0,0.5,7.0,8.0,3.0,1.2
159,Between 1 and 5 years,50,5,3,3,50,1.0,7.0,5.0,1.0,3.0,6.0,1.0,-2.0
160,Between 1 and 5 years,50,3,3,4,50,2.0,7.0,4.0,0.0,8.0,9.0,7.0,1.5
162,More than 5 years,20,4,4,4,20,1.0,8.0,2.0,1.0,8.0,2.0,2.0,0.0
163,Between 1 and 5 years,40,4,5,5,100,1.0,8.0,1.0,0.0,8.0,2.0,3.0,0.4
164,Between 1 and 5 years,5,3,3,3,100,5.0,5.0,5.0,5.0,5.0,5.0,5.0,0.0
165,Between 1 and 5 years,50,4,4,4,50,2.0,8.0,3.0,1.0,7.0,3.0,1.0,0.0
166,More than 5 years,10,2,4,4,50,1.0,6.0,3.0,0.0,7.0,4.0,4.0,0.2
168,More than 5 years,60,5,5,5,80,1.0,5.0,2.0,0.0,8.0,4.0,2.0,2.4
170,Between 1 and 5 years,20,2,3,4,80,3.5,8.0,4.0,0.0,9.0,5.0,0.0,0.9
171,Between 1 and 5 years,50,4,4,5,80,1.0,8.0,2.0,0.0,4.0,6.0,2.0,-1.5
173,Between 1 and 5 years,10,2,4,5,50,1.0,9.0,2.0,0.0,8.0,3.0,2.0,0.0
174,Between 1 and 5 years,5,1,3,3,50,3.5,7.0,2.0,0.0,8.0,8.0,1.0,0.225
176,More than 5 years,5,3,4,5,100,0.5,6.0,0.0,0.0,3.0,0.0,0.0,-0.125
177,Between 6 and 12 months,70,3,3,4,60,1.0,8.0,6.0,0.5,6.0,8.0,5.0,-1.0499999999999998
179,More than 5 years,50,5,5,4,100,3.0,8.0,8.0,3.0,8.0,8.0,5.0,0.0
180,More than 5 years,60,2,5,5,100,3.5,8.0,5.0,0.0,6.5,9.5,8.0,1.2
181,More than 5 years,10,3,3,3,50,0.5,4.0,4.0,0.5,2.0,6.0,4.0,-0.2
183,Between 1 and 5 years,100,5,5,5,100,2.0,8.0,7.0,2.0,9.0,7.0,6.0,1.0
186,Between 1 and 5 years,60,3,4,5,100,2.0,8.0,2.0,2.0,7.0,2.0,2.0,-0.6
190,Between 1 and 5 years,30,5,5,5,70,1.0,6.0,0.0,0.5,7.0,1.0,0.0,0.44999999999999996
193,More than 5 years,50,5,5,5,50,1.0,2.0,5.0,0.5,4.0,5.0,1.0,1.25
194,Between 1 and 5 years,5,1,5,5,100,2.5,8.5,10.0,0.0,9.0,10.0,5.0,0.15000000000000002
198,Between 1 and 5 years,80,4,4,4,60,0.2,8.0,0.5,0.0,8.0,0.0,1.0,0.16000000000000003
200,Between 1 and 5 years,60,3,3,4,20,3.5,1.5,5.0,1.5,3.5,4.0,1.0,2.4
203,Between 1 and 5 years,20,4,5,5,50,1.0,6.0,0.5,0.0,5.0,2.0,0.5,0.0
205,Between 1 and 5 years,40,4,5,5,60,0.5,6.0,1.0,0.0,5.0,2.0,2.0,-0.2
206,More than 5 years,70,1,4,1,100,1.5,9.0,2.0,0.5,9.5,2.5,2.5,1.0499999999999998
207,More than 5 years,30,5,4,4,20,1.0,9.0,4.0,0.0,9.0,5.0,2.0,0.3
210,Between 1 and 5 years,100,5,4,5,100,2.0,8.0,5.0,0.0,8.0,10.0,0.0,2.0
211,Between 1 and 5 years,20,3,4,4,50,2.0,7.0,2.0,0.5,8.0,3.0,2.0,0.5
212,Between 1 and 5 years,30,2,5,5,50,2.0,6.0,1.0,0.0,8.0,2.0,1.0,1.2
213,More than 5 years,10,4,3,4,100,2.0,8.0,8.0,0.0,10.0,10.0,4.0,0.4
216,Between 1 and 5 years,20,4,4,4,20,1.0,5.0,3.0,0.2,5.0,5.0,2.0,0.16000000000000003
217,Between 1 and 5 years,30,3,3,3,20,1.0,8.0,4.0,0.0,7.0,6.0,3.0,0.0
218,Between 1 and 5 years,20,3,3,4,60,2.0,7.0,3.5,0.5,7.0,3.5,4.0,0.30000000000000004
219,More than 5 years,5,1,4,4,50,3.0,8.0,1.0,0.0,8.0,1.0,1.0,0.15000000000000002
220,More than 5 years,20,2,3,4,100,1.0,7.5,11.0,0.5,7.0,12.0,4.5,0.0
223,Between 1 and 5 years,50,4,5,5,100,4.0,7.0,3.0,0.0,8.0,6.0,1.0,2.5
224,Between 1 and 5 years,10,4,4,3,20,2.0,3.0,6.0,2.0,4.0,6.0,2.0,0.1
225,Between 1 and 5 years,30,2,3,3,5,2.0,8.0,6.0,0.5,8.0,6.0,9.5,0.44999999999999996
227,Between 1 and 5 years,5,3,4,4,20,1.0,9.0,12.0,0.0,8.0,12.0,2.0,0.0
228,Between 1 and 5 years,20,1,3,4,70,2.0,9.0,3.0,0.5,10.0,4.0,4.0,0.5
229,Between 6 and 12 months,20,5,4,4,40,4.0,4.0,4.0,6.0,6.0,3.0,3.0,0.0
232,Between 1 and 5 years,5,1,1,2,50,1.5,7.0,0.5,0.25,7.0,0.25,0.0,0.0625
233,More than 5 years,5,3,3,5,5,2.0,5.0,6.0,1.0,5.0,7.0,3.0,0.05
236,Between 6 and 12 months,20,4,2,2,30,1.0,2.0,1.0,2.0,2.0,2.0,2.0,-0.2
237,More than 5 years,50,4,4,4,90,1.0,8.0,12.0,0.0,8.0,13.0,3.0,0.5
238,More than 5 years,20,4,4,3,10,1.0,8.0,3.0,1.0,7.0,3.0,1.0,-0.2
239,Between 1 and 5 years,90,4,4,4,90,3.0,10.0,2.0,0.5,10.0,2.0,6.0,2.25
240,More than 5 years,30,4,4,4,50,1.0,8.0,9.0,0.5,8.0,9.5,6.0,0.15
241,Between 1 and 5 years,5,3,3,3,60,2.0,7.0,3.0,1.0,8.0,4.0,4.0,0.1
243,Between 1 and 5 years,100,3,4,5,100,2.0,4.0,4.0,0.0,4.0,4.0,4.0,2.0
244,More than 5 years,100,4,4,3,60,2.0,10.0,2.0,2.0,12.0,8.0,2.0,2.0
246,More than 5 years,20,3,4,4,80,2.0,7.0,5.0,1.0,7.0,6.0,2.0,0.2
250,More than 5 years,30,4,5,4,60,2.0,8.0,5.0,0.0,8.0,6.0,2.0,0.6
251,Between 1 and 5 years,10,2,4,4,70,0.5,9.0,10.0,0.0,11.0,9.0,4.0,0.25
252,More than 5 years,5,4,3,4,60,2.0,8.0,6.0,2.0,9.0,6.0,7.0,0.05
254,Between 6 and 12 months,20,3,3,2,30,1.0,7.0,2.0,1.0,6.0,2.0,1.0,-0.2
255,Between 1 and 5 years,5,5,2,3,50,0.5,7.5,11.0,0.0,7.0,12.0,5.0,0.0
256,Between 1 and 5 years,20,3,3,3,10,1.0,5.0,10.0,1.0,5.0,1.0,1.0,0.0
258,Between 1 and 5 years,50,3,4,5,80,2.5,8.5,3.0,0.0,7.0,5.0,2.0,0.5
261,More than 5 years,10,4,3,5,50,1.0,7.0,9.0,0.0,10.0,6.0,2.0,0.4
262,Between 6 and 12 months,40,3,3,3,40,1.0,5.0,2.0,2.0,7.0,2.0,9.0,0.4
263,Between 1 and 5 years,70,5,5,5,50,3.0,8.0,10.0,0.0,9.0,12.0,3.0,2.8
264,Between 1 and 5 years,100,4,3,4,90,2.0,7.0,5.0,0.0,7.0,7.0,3.0,2.0
265,Between 6 and 12 months,5,2,4,5,90,3.0,7.0,2.0,0.5,8.0,2.0,1.5,0.17500000000000002
267,Between 1 and 5 years,40,4,4,3,40,0.5,7.0,2.0,0.0,7.5,4.0,2.0,0.4
270,Between 1 and 5 years,20,3,4,2,40,2.0,9.0,4.0,0.0,12.0,4.0,1.0,1.0
272,Between 1 and 5 years,70,2,4,5,70,1.0,8.0,6.0,0.0,9.0,5.0,2.0,1.4
273,More than 5 years,5,2,1,1,20,2.0,8.0,2.0,1.0,8.5,2.0,2.0,0.07500000000000001
274,More than 5 years,80,3,4,5,90,4.5,7.5,2.0,0.0,8.0,5.0,1.0,4.0
275,Between 1 and 5 years,80,3,5,4,90,3.0,5.0,4.0,0.0,10.0,3.0,4.0,6.4
276,More than 5 years,10,3,4,4,10,0.5,7.5,0.75,0.0,8.0,3.0,2.0,0.1
277,Between 1 and 5 years,100,2,4,4,70,1.0,7.0,1.0,0.0,8.0,2.0,1.0,2.0
278,Between 1 and 5 years,5,1,4,5,80,3.0,7.5,1.0,0.0,7.5,2.0,2.0,0.15000000000000002
280,Between 1 and 5 years,90,5,5,5,100,1.0,5.0,5.0,0.0,8.0,5.0,4.0,3.6
282,Between 1 and 5 years,70,3,2,4,50,1.0,8.0,0.25,0.5,8.0,0.25,0.0,0.35
286,More than 5 years,40,5,4,5,40,1.5,8.0,4.5,0.5,9.0,4.5,2.0,0.8
287,More than 5 years,5,1,4,2,5,2.0,9.0,4.0,0.0,11.0,4.0,1.0,0.2
288,More than 5 years,5,3,1,1,100,1.0,8.0,4.0,0.0,8.0,6.0,2.0,0.05
289,Between 6 and 12 months,70,4,2,5,60,5.0,4.0,2.0,2.0,2.0,2.0,2.0,0.7
290,More than 5 years,40,3,4,3,40,2.5,9.0,3.0,0.5,10.0,2.0,2.5,1.2000000000000002
291,More than 5 years,10,2,4,4,80,1.0,9.0,3.0,0.0,10.0,4.0,4.0,0.2
296,More than 5 years,30,4,4,5,50,3.0,9.0,2.0,0.0,9.0,5.0,2.0,0.8999999999999999
297,More than 5 years,10,1,3,4,70,3.0,9.0,0.0,0.5,10.0,0.0,1.0,0.35000000000000003
298,More than 5 years,100,2,4,5,100,1.0,7.0,0.5,0.0,8.0,0.5,0.5,2.0
299,Between 1 and 5 years,50,4,3,4,50,1.5,6.5,3.0,0.0,7.0,4.0,4.0,1.0
301,More than 5 years,5,3,3,4,50,4.0,6.0,2.0,0.5,8.0,3.5,2.0,0.275
304,Between 1 and 5 years,100,5,4,4,100,0.0,8.0,8.0,0.0,8.0,8.0,2.0,0.0
305,More than 5 years,5,2,4,4,100,0.75,7.5,5.0,0.0,7.5,6.0,3.0,0.037500000000000006
306,More than 5 years,5,3,4,2,40,2.0,8.0,3.0,1.0,8.0,4.0,3.0,0.05
307,More than 5 years,10,5,5,5,50,2.0,6.0,8.0,0.5,4.0,8.0,4.0,-0.05
309,Between 1 and 5 years,5,4,4,4,40,1.25,8.5,1.5,0.0,8.5,2.0,2.0,0.0625
310,Between 1 and 5 years,5,1,2,4,50,1.0,8.0,1.0,0.5,9.0,1.0,1.0,0.07500000000000001
311,More than 5 years,20,4,4,4,20,1.0,6.0,0.5,0.2,6.0,1.0,1.0,0.16000000000000003
312,More than 5 years,10,3,3,3,10,1.0,11.0,1.0,1.0,11.0,1.0,3.0,0.0
313,More than 5 years,90,5,5,5,90,0.5,8.0,8.0,0.5,10.0,6.0,4.0,1.8
316,More than 5 years,40,4,4,5,60,3.0,8.0,5.0,0.0,9.0,6.0,1.0,1.6
317,Between 1 and 5 years,10,4,3,4,50,1.5,10.0,2.0,0.5,10.0,4.0,3.0,0.1
318,Between 1 and 5 years,5,3,4,4,30,1.0,7.0,2.0,0.0,7.0,2.0,1.0,0.05
319,Between 1 and 5 years,50,2,5,5,100,2.5,7.5,2.0,0.5,8.0,3.0,1.0,1.25
320,More than 5 years,50,5,5,5,70,1.0,7.0,2.0,0.0,9.0,2.0,2.0,1.5
321,More than 5 years,40,3,4,4,80,3.0,6.0,12.0,0.0,8.0,10.0,6.0,2.0
323,More than 5 years,20,3,4,5,90,1.0,6.0,1.0,1.0,7.0,0.5,0.5,0.2
324,More than 5 years,30,3,4,4,50,2.0,8.0,4.0,0.5,8.0,5.0,2.5,0.44999999999999996
325,More than 5 years,30,2,5,5,90,2.0,9.0,2.0,0.5,13.0,1.0,1.0,1.65
327,More than 5 years,100,5,5,5,100,0.5,3.0,2.0,0.0,3.0,2.0,5.0,0.5
328,More than 5 years,40,1,2,4,50,1.5,7.0,1.0,0.5,7.5,2.0,2.0,0.6000000000000001
335,More than 5 years,20,3,3,4,50,1.5,9.0,1.0,0.0,9.0,1.0,1.0,0.30000000000000004
337,More than 5 years,30,3,4,4,70,1.5,7.0,2.0,0.0,6.0,3.0,3.0,0.15
338,More than 5 years,10,2,3,3,20,1.0,7.0,4.0,0.1,7.0,5.0,2.0,0.09000000000000001
339,Between 1 and 5 years,10,4,3,3,60,0.25,8.5,2.0,0.1,10.5,2.5,1.0,0.215
340,Between 1 and 5 years,50,3,3,3,60,1.0,8.0,0.0,1.0,4.0,3.0,2.0,-2.0
341,More than 5 years,40,4,5,5,30,1.0,6.0,8.0,0.25,7.0,8.0,8.0,0.7000000000000001
342,More than 5 years,90,5,5,5,90,1.0,8.0,14.0,0.0,2.0,20.0,2.0,-4.5
343,More than 5 years,20,4,3,4,70,4.0,9.0,2.0,0.5,9.0,3.0,3.0,0.7000000000000001
344,Between 6 and 12 months,10,2,4,3,70,2.0,8.0,4.0,0.0,8.0,5.0,3.0,0.2
345,More than 5 years,100,4,5,5,100,2.0,8.0,2.0,0.0,4.0,4.0,1.0,-2.0
347,Between 1 and 5 years,20,3,4,3,70,2.0,7.0,3.0,3.0,8.0,5.0,8.0,0.0
348,More than 5 years,50,4,4,4,30,0.5,7.0,2.0,0.0,8.0,2.0,0.0,0.75
349,More than 5 years,20,4,4,4,70,2.0,8.0,4.0,0.0,9.0,4.0,3.0,0.6000000000000001
350,More than 5 years,40,4,4,3,40,2.0,8.0,1.0,0.25,8.0,2.0,2.0,0.7000000000000001
353,More than 5 years,10,3,3,3,10,1.0,3.0,13.0,1.0,5.0,15.0,3.0,0.2
356,More than 5 years,70,3,4,4,70,2.0,9.0,2.0,0.0,9.0,4.0,2.0,1.4
357,More than 5 years,40,4,3,3,70,0.5,8.0,4.0,2.0,6.0,1.0,0.0,-1.4000000000000001
358,More than 5 years,20,4,4,4,50,1.0,9.0,7.0,0.5,9.0,7.0,1.0,0.1
359,More than 5 years,20,3,3,3,20,1.0,10.0,10.0,0.0,12.0,10.0,2.0,0.6000000000000001
360,More than 5 years,5,3,3,4,50,2.0,8.0,5.0,0.0,8.0,4.0,6.0,0.1
361,More than 5 years,50,2,5,5,100,4.0,8.0,3.0,0.5,8.0,4.5,3.0,1.75
362,More than 5 years,5,4,4,3,10,2.0,10.0,8.0,0.5,10.0,9.5,4.0,0.07500000000000001
363,More than 5 years,20,3,4,5,60,3.0,10.0,2.0,0.5,10.0,6.0,2.0,0.5
364,Between 1 and 5 years,100,5,5,5,100,1.0,1.0,1.0,4.0,6.0,5.0,7.0,2.0
365,Between 1 and 5 years,20,4,5,3,20,1.5,7.0,3.0,0.0,4.0,4.0,4.0,-0.30000000000000004
366,More than 5 years,40,3,4,3,20,2.0,8.0,3.0,0.0,10.0,2.0,2.0,1.6
367,More than 5 years,20,4,5,4,40,1.5,9.0,3.0,0.0,8.0,4.0,2.0,0.1
368,More than 5 years,50,5,5,5,50,1.5,9.0,10.0,0.0,10.0,5.0,3.0,1.25
369,Between 1 and 5 years,50,4,5,3,50,2.0,11.0,8.0,0.0,14.0,5.0,5.0,2.5
370,More than 5 years,20,3,4,4,20,2.0,4.0,2.0,0.0,4.0,3.0,3.0,0.4
371,More than 5 years,60,3,4,4,60,3.5,8.5,3.0,0.5,9.5,4.0,2.0,2.4
372,Between 1 and 5 years,100,5,5,4,100,1.0,8.0,2.0,1.0,8.0,2.0,2.0,0.0
376,More than 5 years,50,3,3,2,20,0.5,6.0,1.0,0.5,5.0,1.0,1.0,-0.5
377,Between 1 and 5 years,40,4,5,4,60,2.0,8.0,2.0,0.0,8.5,2.0,1.0,1.0
378,More than 5 years,50,4,4,4,50,1.0,7.0,2.0,0.25,8.0,3.0,0.0,0.875
379,More than 5 years,20,2,2,4,20,2.0,8.0,10.0,0.0,8.0,10.0,6.0,0.4
380,Between 1 and 5 years,30,4,3,4,50,2.0,10.0,1.0,0.0,10.0,4.0,2.0,0.6
381,More than 5 years,20,3,4,4,30,1.5,9.0,3.0,0.5,7.0,4.0,2.0,-0.2
382,More than 5 years,5,1,4,5,70,4.5,7.5,2.0,0.0,7.5,4.0,2.0,0.225
383,More than 5 years,80,3,4,4,80,2.0,7.0,2.0,0.0,7.0,2.0,1.0,1.6
384,More than 5 years,10,5,3,3,50,1.5,9.0,10.0,0.0,10.0,10.0,4.0,0.25
385,More than 5 years,5,2,4,5,40,0.0,8.5,6.0,0.0,8.5,6.0,1.0,0.0
386,More than 5 years,100,5,2,4,50,2.0,9.0,3.0,0.0,10.0,4.0,1.0,3.0
390,More than 5 years,20,4,4,5,80,3.0,7.5,4.0,0.0,8.5,5.0,3.0,0.8
393,More than 5 years,70,4,5,4,80,3.0,8.0,4.0,0.5,8.0,6.0,2.0,1.75
394,Between 1 and 5 years,90,4,5,5,80,2.0,6.0,2.0,0.5,8.0,2.0,2.0,3.15
395,More than 5 years,10,4,4,5,40,2.0,8.0,0.5,0.0,8.0,3.0,1.0,0.2
396,Between 1 and 5 years,40,5,5,5,80,3.0,8.0,0.0,0.0,9.0,1.0,0.0,1.6
397,Between 1 and 5 years,20,3,4,4,60,3.0,8.0,3.0,0.0,9.0,4.0,2.0,0.8
400,More than 5 years,100,5,4,5,100,0.0,6.0,2.0,0.0,6.0,2.0,3.0,0.0
401,Between 6 and 12 months,50,4,4,3,50,5.0,4.0,3.0,4.0,4.0,4.0,12.0,0.5
402,Between 1 and 5 years,5,2,4,4,50,2.0,7.0,5.0,0.3,7.0,6.0,2.0,0.085
403,Between 1 and 5 years,40,4,4,4,70,0.5,8.0,4.0,0.5,8.0,2.0,1.5,0.0
405,More than 5 years,30,5,5,4,80,2.0,8.0,6.0,0.0,9.0,7.0,8.0,0.8999999999999999
407,Between 6 and 12 months,90,1,1,1,50,1.0,7.5,2.5,0.0,7.5,3.0,2.0,0.9
408,Between 1 and 5 years,5,4,4,4,80,2.0,10.0,4.0,0.0,10.0,6.0,2.0,0.1
410,More than 5 years,5,3,4,4,50,1.0,6.0,1.0,0.5,8.0,2.0,8.0,0.125
412,More than 5 years,5,2,4,3,60,1.2,9.0,5.0,0.2,9.5,5.5,1.2,0.07500000000000001
413,More than 5 years,5,1,3,3,40,2.5,7.5,4.5,0.5,7.5,6.0,0.5,0.1
415,More than 5 years,50,3,4,3,30,3.0,5.0,8.0,2.0,6.0,8.0,8.0,1.0
416,Between 1 and 5 years,20,3,4,4,80,1.5,5.0,7.0,0.0,7.0,5.0,2.0,0.7000000000000001
417,More than 5 years,50,4,4,4,80,2.0,8.0,3.0,0.0,9.0,4.0,4.0,1.5
420,Between 1 and 5 years,20,2,4,4,50,1.0,9.0,0.0,0.25,12.0,0.0,0.0,0.75
421,More than 5 years,5,2,2,3,50,1.0,8.0,3.0,0.5,8.0,3.0,3.0,0.025
422,Between 1 and 5 years,30,2,5,3,50,2.5,8.0,2.0,0.25,8.0,2.0,4.0,0.6749999999999999
423,More than 5 years,30,5,4,5,80,1.5,8.0,14.0,0.0,8.0,15.5,0.5,0.44999999999999996
424,Between 1 and 5 years,5,1,4,4,40,3.0,7.5,3.0,1.0,7.0,5.0,1.0,0.07500000000000001
425,More than 5 years,100,2,1,4,50,1.0,7.0,1.0,0.0,7.0,3.0,1.0,1.0
426,Between 1 and 5 years,5,1,4,4,40,3.0,8.0,5.0,1.0,8.0,6.0,1.0,0.1
427,Between 6 and 12 months,5,1,1,1,70,2.5,8.0,8.0,0.5,9.0,7.5,7.0,0.15000000000000002
428,More than 5 years,40,3,2,2,100,1.0,8.0,3.0,0.0,6.0,5.0,1.0,-0.4
430,More than 5 years,10,5,2,5,20,1.5,10.0,4.5,0.5,11.0,3.5,1.0,0.2
431,Between 6 and 12 months,100,4,4,4,100,1.0,8.0,5.0,0.0,8.0,6.0,2.0,1.0
432,More than 5 years,20,4,2,3,20,0.5,8.0,4.0,0.1,8.0,6.0,2.0,0.08000000000000002
433,Between 1 and 5 years,20,3,4,4,50,0.25,9.5,4.0,0.0,9.0,5.0,2.0,-0.05
438,Between 6 and 12 months,90,5,5,5,100,1.0,7.0,4.0,0.0,8.0,7.0,0.0,1.8
439,Between 6 and 12 months,100,5,5,5,100,1.5,9.0,5.0,2.0,10.0,4.0,5.0,0.5
440,Between 1 and 5 years,20,3,4,2,50,2.5,7.0,3.0,0.5,7.0,3.0,1.0,0.4
441,Between 6 and 12 months,80,5,4,4,50,1.0,9.0,4.0,0.0,9.0,5.0,0.0,0.8
442,Between 1 and 5 years,5,4,4,5,40,2.0,8.0,2.0,0.5,9.0,3.0,2.0,0.125
443,More than 5 years,100,4,5,4,100,4.0,7.0,0.5,0.0,8.0,0.5,0.5,5.0
444,More than 5 years,10,3,4,4,80,3.5,8.0,3.0,0.5,9.0,5.0,1.5,0.4
447,More than 5 years,50,1,3,3,70,2.0,9.0,3.5,0.5,9.0,4.5,2.5,0.75
448,Between 1 and 5 years,20,2,4,3,20,2.0,8.0,3.0,0.45,9.0,3.0,1.0,0.51
450,Between 1 and 5 years,50,5,5,5,80,2.0,6.0,4.0,1.0,8.0,2.0,4.0,1.5
451,More than 5 years,10,3,4,3,80,1.0,7.0,4.0,0.0,8.0,4.0,2.0,0.2
452,Between 1 and 5 years,20,1,3,4,30,1.5,10.0,4.0,0.5,10.0,5.0,2.0,0.2
453,More than 5 years,50,4,4,4,50,2.0,9.0,2.0,0.5,10.0,2.0,2.0,1.25
456,Between 6 and 12 months,40,3,3,4,80,0.2,7.0,2.0,1.0,8.0,5.0,1.0,0.07999999999999999
459,Between 1 and 5 years,20,4,4,4,80,3.0,9.0,4.0,0.0,10.0,6.0,2.0,0.8
460,More than 5 years,50,2,5,4,50,4.0,7.5,4.0,0.5,8.0,6.0,3.0,2.0
463,More than 5 years,50,2,2,3,20,1.0,8.0,3.0,1.0,9.0,2.0,2.0,0.5
464,Between 6 and 12 months,5,4,4,4,5,0.5,9.0,2.0,0.0,10.0,1.0,1.0,0.07500000000000001
465,More than 5 years,100,5,5,5,100,0.0,6.0,2.0,0.0,6.0,2.0,1.0,0.0
466,Between 1 and 5 years,20,5,4,4,40,1.0,8.5,5.0,0.0,10.0,5.0,1.0,0.5
467,More than 5 years,5,4,2,5,80,1.5,7.5,4.0,0.5,8.0,8.0,4.0,0.07500000000000001
468,More than 5 years,5,2,4,3,20,1.5,9.0,0.5,0.5,11.0,1.0,4.0,0.15000000000000002
469,More than 5 years,5,2,2,2,100,0.5,9.0,13.5,0.0,9.0,14.0,1.0,0.025
470,Between 1 and 5 years,50,5,4,5,40,1.5,8.0,3.0,0.5,8.0,4.0,1.0,0.5
472,Between 1 and 5 years,100,3,2,2,40,1.0,1.0,2.0,1.0,6.0,2.0,7.0,5.0
473,More than 5 years,30,5,5,4,60,1.0,11.0,3.0,0.0,11.0,3.5,1.0,0.3
475,Between 1 and 5 years,30,2,4,4,50,1.0,8.0,1.0,0.0,8.0,3.0,1.0,0.3
476,More than 5 years,30,2,5,4,50,3.0,9.0,3.0,0.5,8.0,5.0,3.0,0.44999999999999996
477,More than 5 years,20,4,4,4,50,1.0,7.0,4.0,1.0,8.0,3.0,4.0,0.2
478,More than 5 years,10,1,4,5,70,3.0,7.0,3.0,0.5,8.0,4.5,4.0,0.35000000000000003
481,More than 5 years,20,4,5,3,20,3.0,8.0,4.0,3.0,8.0,9.0,4.0,0.0
482,More than 5 years,5,2,4,4,80,2.0,9.0,3.0,0.5,9.0,4.0,0.5,0.07500000000000001
484,Between 1 and 5 years,100,5,4,5,100,2.0,8.0,4.0,0.0,8.0,6.0,2.0,2.0
485,Between 1 and 5 years,5,4,4,5,60,2.5,8.0,2.0,0.0,9.0,3.0,1.0,0.17500000000000002
487,More than 5 years,20,2,3,2,70,1.0,7.0,4.0,0.0,7.0,5.0,4.0,0.2
490,More than 5 years,20,3,4,5,50,2.0,8.0,2.0,0.5,9.5,2.0,1.0,0.6000000000000001
492,Between 1 and 5 years,5,4,4,4,70,2.0,7.0,7.0,1.0,7.0,9.0,7.0,0.05
493,Between 1 and 5 years,50,4,3,3,70,2.0,8.0,1.0,0.0,10.0,2.0,1.0,2.0
497,More than 5 years,100,3,5,4,100,1.0,6.0,5.0,0.0,6.0,5.0,3.0,1.0
498,More than 5 years,30,4,5,5,100,1.0,8.0,8.0,0.2,9.0,8.0,2.0,0.54
499,Between 1 and 5 years,30,5,4,4,50,1.5,7.5,4.0,0.5,7.5,6.0,1.0,0.3
501,More than 5 years,30,3,1,1,50,2.0,6.0,4.0,2.0,3.0,6.0,4.0,-0.8999999999999999
502,More than 5 years,20,3,3,3,20,1.0,8.0,4.0,0.0,5.0,5.0,5.0,-0.4
503,More than 5 years,5,2,2,3,5,2.0,8.0,2.0,2.0,6.0,4.0,2.0,-0.1
504,More than 5 years,5,2,2,3,70,1.0,8.0,3.0,1.0,8.0,3.0,1.0,0.0
505,More than 5 years,100,5,5,3,90,0.0,8.0,5.0,0.0,8.0,5.0,3.0,0.0
506,Between 1 and 5 years,5,3,5,4,20,1.0,3.0,0.5,0.5,4.0,1.0,0.5,0.07500000000000001
507,More than 5 years,20,2,4,2,50,1.0,9.0,6.0,0.0,12.0,5.0,1.0,0.8
509,More than 5 years,30,3,3,3,5,0.5,10.0,4.0,0.0,10.5,4.0,0.5,0.3
510,More than 5 years,30,1,3,4,70,3.0,9.0,3.0,0.0,13.0,2.0,2.0,2.1
512,Between 1 and 5 years,5,3,3,5,50,0.5,8.5,3.0,0.0,8.0,3.0,3.0,0.0
513,Between 6 and 12 months,30,3,3,3,90,1.0,8.0,4.0,0.0,9.0,7.0,1.0,0.6
514,Between 1 and 5 years,5,1,2,3,50,2.0,6.0,1.0,0.5,7.5,0.5,0.0,0.15000000000000002
515,Between 1 and 5 years,50,3,5,4,20,1.0,9.0,2.0,0.0,5.0,3.0,3.0,-1.5
516,Between 6 and 12 months,30,2,2,4,50,2.0,8.5,1.5,0.0,7.0,1.5,1.0,0.15
517,More than 5 years,5,4,4,4,60,3.5,7.0,5.0,0.0,9.0,10.0,3.0,0.275
518,More than 5 years,5,3,5,3,20,4.0,10.0,7.0,0.75,9.0,11.25,3.0,0.1125
519,Between 1 and 5 years,50,4,4,3,50,2.0,8.0,2.0,3.0,8.0,1.0,2.0,-0.5
520,Between 6 and 12 months,50,5,5,5,50,2.0,9.0,2.0,0.5,9.0,3.0,3.0,0.75
521,Between 1 and 5 years,30,1,4,3,20,1.0,7.0,2.0,0.25,7.0,2.0,1.5,0.22499999999999998
522,Between 1 and 5 years,20,1,4,2,40,3.0,10.0,2.0,0.25,9.0,3.0,2.0,0.35000000000000003
524,More than 5 years,5,2,2,3,10,1.0,9.0,6.0,0.25,9.0,6.0,1.0,0.037500000000000006
528,Between 1 and 5 years,20,1,4,4,40,2.0,8.0,4.0,0.0,8.0,6.0,2.0,0.4
529,More than 5 years,70,5,5,5,100,0.25,7.35,4.0,0.0,7.35,4.0,0.5,0.175
530,More than 5 years,20,4,5,5,80,3.0,8.0,3.0,0.0,10.0,4.0,3.0,1.0
531,More than 5 years,5,4,2,2,10,1.0,8.0,6.0,1.0,8.0,4.0,2.0,0.0
533,Between 1 and 5 years,50,5,4,4,90,2.0,6.0,6.0,0.5,4.0,8.0,2.0,-0.25
534,Between 1 and 5 years,5,3,4,5,70,1.5,6.0,1.0,0.0,7.0,1.0,0.0,0.125
535,Between 1 and 5 years,50,3,4,4,90,1.0,9.0,3.0,0.0,10.0,3.0,2.0,1.0
537,More than 5 years,5,2,4,4,5,0.5,8.0,6.0,0.0,4.0,10.0,1.0,-0.17500000000000002
539,More than 5 years,5,3,5,3,20,0.5,7.0,0.0,0.0,7.0,0.0,0.0,0.025
540,Between 6 and 12 months,5,1,1,1,90,2.5,8.0,10.0,0.0,8.0,10.0,6.0,0.125
541,Between 1 and 5 years,40,4,3,3,10,1.0,8.5,2.0,0.0,9.0,2.0,2.0,0.6000000000000001
542,More than 5 years,10,2,4,3,50,2.0,6.0,2.0,1.0,2.0,9.0,2.0,-0.30000000000000004
544,Between 6 and 12 months,30,3,4,4,10,0.25,8.0,8.0,0.0,8.0,8.0,3.0,0.075
546,More than 5 years,10,4,4,4,50,2.0,8.0,4.0,0.0,8.0,8.0,2.0,0.2
547,More than 5 years,5,1,1,3,30,0.5,8.5,3.0,0.25,10.0,2.0,5.0,0.08750000000000001
548,More than 5 years,50,4,5,5,100,1.0,7.0,2.0,0.5,9.0,2.0,0.0,1.25
549,More than 5 years,5,2,2,2,30,1.0,8.0,2.0,0.3,8.0,2.0,2.0,0.034999999999999996
550,Between 1 and 5 years,20,2,5,4,50,2.0,8.0,3.0,0.0,8.0,4.0,0.5,0.4
551,More than 5 years,5,4,5,5,80,1.0,7.5,3.0,0.0,8.0,3.0,1.0,0.07500000000000001
553,More than 5 years,40,5,5,5,90,1.5,8.0,4.0,0.0,8.0,5.0,3.0,0.6000000000000001
554,More than 5 years,10,1,1,3,5,2.0,4.0,3.0,0.0,1.0,5.0,2.0,-0.1
556,More than 5 years,30,5,5,5,50,1.0,1.0,1.0,1.0,6.0,2.0,3.0,1.5
558,More than 5 years,20,1,1,1,50,2.0,9.0,1.0,0.5,9.0,1.0,1.0,0.30000000000000004
561,Between 6 and 12 months,60,5,5,5,80,1.0,8.0,2.0,0.0,8.0,3.0,1.0,0.6
562,Between 1 and 5 years,10,1,2,4,50,1.5,8.5,3.0,1.0,8.0,4.0,2.0,0.0
563,More than 5 years,5,2,3,4,80,1.0,8.0,8.0,0.0,8.0,8.0,8.0,0.05
564,More than 5 years,20,4,4,4,60,1.0,8.0,5.0,0.5,8.0,6.0,5.5,0.1
565,More than 5 years,30,4,2,2,10,2.0,8.0,3.0,1.0,8.0,5.0,0.0,0.3
566,Between 1 and 5 years,5,1,2,2,50,3.0,7.0,3.0,0.5,8.0,3.0,0.0,0.17500000000000002
567,More than 5 years,50,2,5,5,80,3.0,7.0,3.0,0.0,10.0,3.0,1.0,3.0
568,Between 6 and 12 months,60,3,4,4,40,3.0,9.0,6.0,0.25,7.0,7.75,9.0,0.44999999999999996
569,More than 5 years,10,4,4,4,50,4.0,8.0,4.0,0.0,10.0,6.0,0.0,0.6000000000000001
570,More than 5 years,5,2,4,3,50,3.0,10.0,2.0,0.1,10.0,4.0,2.0,0.145
571,Between 6 and 12 months,80,4,4,3,50,0.5,7.5,6.0,0.0,8.0,6.0,2.0,0.8
573,More than 5 years,60,2,4,4,80,1.0,4.0,2.0,0.0,5.0,2.0,1.0,1.2
575,More than 5 years,5,4,2,2,5,3.0,8.5,4.0,0.0,8.5,4.0,2.0,0.15000000000000002
576,More than 5 years,50,4,4,4,50,2.0,5.0,1.0,0.0,8.0,2.0,2.0,2.5
577,More than 5 years,20,2,4,4,50,1.0,10.0,3.0,0.0,10.0,3.0,1.0,0.2
578,Between 1 and 5 years,5,4,4,4,50,1.0,7.0,2.0,0.0,7.0,3.0,2.0,0.05
580,Between 6 and 12 months,30,4,4,4,80,1.0,9.0,0.0,0.0,9.0,1.0,2.0,0.3
582,More than 5 years,20,3,4,4,10,0.5,10.0,2.0,0.5,10.0,2.0,2.0,0.0
583,More than 5 years,20,4,1,3,30,2.0,9.0,10.0,2.0,12.0,6.0,4.0,0.6000000000000001
584,Between 1 and 5 years,50,2,4,4,30,3.0,8.0,11.0,0.0,10.5,10.5,3.0,2.75
585,Between 1 and 5 years,90,5,3,5,100,1.0,5.0,3.0,0.5,6.0,3.0,2.0,1.35
589,More than 5 years,20,4,4,4,20,1.0,8.0,12.0,0.0,8.0,12.0,4.0,0.2
590,More than 5 years,100,3,5,4,100,2.0,8.0,4.0,0.0,8.0,4.0,3.0,2.0
591,Between 1 and 5 years,10,4,4,4,5,2.0,7.0,3.0,2.0,7.0,3.0,3.0,0.0
593,More than 5 years,5,3,5,4,80,1.0,7.5,3.0,0.5,7.5,3.5,1.0,0.025
596,Between 1 and 5 years,20,5,4,5,40,3.0,7.0,4.0,0.0,7.0,5.0,2.0,0.6000000000000001
597,Between 1 and 5 years,5,4,5,4,50,2.0,8.0,3.0,0.5,8.0,5.5,1.0,0.07500000000000001
598,Between 1 and 5 years,50,3,4,3,50,1.0,9.0,2.0,1.0,9.0,2.0,2.0,0.0
599,More than 5 years,10,5,5,5,70,2.0,8.0,4.0,0.0,8.0,5.0,3.0,0.2
601,Between 1 and 5 years,50,3,5,5,100,1.0,8.0,5.0,0.0,8.5,5.0,4.0,0.75
602,More than 5 years,80,5,5,5,90,3.0,7.0,2.0,0.0,8.0,3.0,3.0,3.2
603,Between 6 and 12 months,20,3,3,5,60,0.75,9.0,3.0,0.0,12.0,3.0,2.0,0.75
604,More than 5 years,5,4,4,4,50,1.0,8.0,12.0,0.0,9.0,14.0,1.0,0.1
606,Between 1 and 5 years,60,3,5,5,100,2.5,7.0,4.0,0.0,8.0,4.0,2.0,2.1
607,More than 5 years,50,4,4,4,60,1.0,6.0,1.0,1.0,6.0,1.0,1.0,0.0
609,Between 1 and 5 years,20,3,2,4,90,4.0,8.5,2.0,0.5,10.0,3.5,2.5,1.0
610,More than 5 years,40,2,4,4,50,2.0,8.0,4.0,0.0,10.0,4.0,2.0,1.6
611,More than 5 years,30,4,3,3,10,1.5,12.0,5.0,0.5,12.5,5.5,5.5,0.44999999999999996
612,Between 1 and 5 years,5,4,3,2,40,1.0,8.0,6.0,0.5,8.5,6.0,1.0,0.05
613,More than 5 years,20,3,5,5,40,2.0,7.0,5.0,0.0,7.0,5.0,2.0,0.4
614,Between 1 and 5 years,70,5,5,5,80,2.5,8.5,2.0,0.0,10.0,3.0,2.0,2.8
615,More than 5 years,5,1,2,5,20,2.0,9.0,11.0,0.5,9.5,12.0,2.0,0.1
617,Between 1 and 5 years,5,2,3,3,60,3.0,8.0,1.0,1.0,8.0,2.0,2.0,0.1
619,Between 1 and 5 years,5,1,2,4,20,1.0,9.0,3.0,0.0,9.0,5.0,2.0,0.05
621,More than 5 years,50,4,4,4,50,1.0,8.0,2.0,0.0,8.0,12.0,1.0,0.5
622,More than 5 years,50,4,4,3,20,0.0,8.0,3.0,1.0,9.0,10.0,4.0,0.0
623,Between 1 and 5 years,70,4,5,5,80,2.0,7.5,5.0,1.0,7.5,6.0,1.5,0.7
624,More than 5 years,5,4,4,3,80,4.0,7.5,2.0,0.0,10.0,1.0,1.0,0.325
627,More than 5 years,50,4,4,5,90,2.0,8.0,2.0,2.0,8.0,2.0,2.0,0.0
628,More than 5 years,20,3,5,4,40,1.0,8.0,8.0,0.5,8.0,7.0,5.0,0.1
631,More than 5 years,5,5,3,3,10,0.5,9.0,3.0,0.0,11.0,4.0,1.0,0.125
632,More than 5 years,5,3,3,4,90,2.0,8.0,9.0,0.0,8.0,9.0,5.0,0.1
633,Between 1 and 5 years,5,4,4,4,80,1.5,9.0,12.5,0.0,9.0,14.0,1.0,0.07500000000000001
634,Between 1 and 5 years,20,4,4,4,50,0.25,7.0,0.25,0.25,6.0,1.0,0.25,-0.2
636,More than 5 years,30,5,5,5,70,3.0,8.0,2.0,0.5,9.0,3.0,2.0,1.05
637,More than 5 years,10,4,4,4,10,1.0,7.0,4.0,0.5,7.0,4.0,2.5,0.05
639,More than 5 years,100,5,5,5,100,1.0,8.0,0.0,0.5,8.0,0.0,0.0,0.5
640,Between 6 and 12 months,20,4,3,5,60,2.5,8.0,3.0,0.0,8.0,3.0,1.0,0.5
641,More than 5 years,50,3,4,5,60,2.0,7.0,4.0,0.5,7.5,5.0,3.0,1.0
642,More than 5 years,100,5,5,5,100,1.0,8.0,3.0,0.5,8.0,3.0,2.0,0.5
643,More than 5 years,30,3,5,3,30,0.3,12.0,1.0,0.0,9.0,2.0,1.0,-0.81
645,Between 6 and 12 months,50,3,4,4,80,1.0,7.0,1.0,0.0,9.0,1.0,1.0,1.5
647,More than 5 years,100,5,5,5,100,0.5,2.0,3.0,0.0,2.0,3.0,3.0,0.5
650,More than 5 years,100,5,4,4,100,0.0,6.0,2.0,0.0,6.0,2.0,2.0,0.0
651,Between 1 and 5 years,50,4,4,3,50,2.0,10.0,10.0,2.0,10.0,10.0,2.0,0.0
653,Between 1 and 5 years,5,2,4,4,100,0.75,7.5,0.5,0.1,8.0,1.0,0.0,0.057499999999999996
655,More than 5 years,30,4,4,5,60,1.5,10.0,1.0,0.0,11.0,3.0,1.0,0.75
656,More than 5 years,20,3,3,4,100,2.0,5.0,0.0,0.0,7.0,2.0,2.0,0.8
657,More than 5 years,20,2,2,3,40,0.0,8.0,0.0,0.0,8.0,0.0,0.0,0.0
660,More than 5 years,10,4,5,5,20,2.0,7.0,4.0,2.0,7.0,2.0,2.0,0.0
661,Between 1 and 5 years,80,5,4,4,50,3.0,9.0,0.0,0.5,11.0,0.0,0.0,3.6
662,Between 1 and 5 years,5,1,3,4,5,3.0,6.0,2.0,2.0,4.0,4.0,3.0,-0.05
664,More than 5 years,5,3,4,4,90,0.75,9.0,6.0,0.4,9.0,7.0,1.0,0.017499999999999998
665,Between 6 and 12 months,50,3,3,4,70,1.0,5.0,10.0,1.0,6.0,9.0,2.0,0.5
666,More than 5 years,5,2,4,3,50,1.0,7.0,1.0,0.0,7.0,2.0,1.0,0.05
669,Between 1 and 5 years,10,3,4,4,50,2.0,7.0,2.0,0.0,9.0,2.0,1.0,0.4
670,More than 5 years,70,4,4,3,70,7.0,4.0,6.0,5.0,4.0,5.0,3.0,1.4
671,Between 1 and 5 years,10,4,4,5,60,1.0,8.0,8.0,0.0,8.0,8.0,3.0,0.1
672,Between 1 and 5 years,5,3,5,3,60,3.0,8.0,2.0,0.5,8.0,4.0,1.0,0.125
675,More than 5 years,5,1,2,5,80,2.5,8.0,4.0,0.5,9.0,4.0,2.0,0.15000000000000002
676,Between 1 and 5 years,100,4,4,4,100,1.0,8.0,2.0,0.0,8.0,2.0,2.0,1.0
677,More than 5 years,50,5,4,5,80,4.0,8.0,2.0,0.5,8.0,2.0,1.0,1.75
679,Between 1 and 5 years,60,5,5,5,80,2.0,5.0,4.0,0.0,5.0,6.0,3.0,1.2
680,Between 6 and 12 months,70,4,4,4,90,2.0,4.0,1.0,0.5,5.0,3.0,1.0,1.75
681,Between 1 and 5 years,5,2,3,4,40,4.0,8.5,2.0,0.5,8.5,5.0,1.0,0.17500000000000002
682,Between 1 and 5 years,40,4,4,3,40,1.0,6.0,2.0,0.5,6.0,2.0,1.0,0.2
683,Between 1 and 5 years,5,3,4,4,20,3.0,9.0,9.0,1.0,9.0,9.0,5.0,0.1
684,More than 5 years,10,4,4,3,60,2.0,9.0,11.0,0.0,9.0,13.0,2.0,0.2
685,Between 1 and 5 years,50,3,2,3,50,1.0,7.0,3.0,1.0,7.0,3.0,2.0,0.0
686,More than 5 years,5,5,4,5,50,4.0,8.0,2.0,4.0,8.0,2.0,1.0,0.0
688,Between 1 and 5 years,10,3,5,3,50,1.0,6.0,1.0,5.0,5.0,1.0,0.5,-0.5
689,More than 5 years,10,2,5,5,50,3.0,8.0,3.0,0.0,8.0,5.0,2.0,0.30000000000000004
690,More than 5 years,20,5,5,5,20,1.0,7.0,8.0,0.0,7.0,10.0,7.0,0.2
691,Between 1 and 5 years,20,4,4,3,50,1.0,7.0,2.0,1.0,6.0,4.0,2.0,-0.2
692,More than 5 years,5,2,4,3,5,1.0,8.0,6.0,1.0,6.0,6.0,2.0,-0.1
693,More than 5 years,10,3,4,2,20,1.0,11.0,2.0,0.0,11.0,3.0,3.0,0.1
696,More than 5 years,100,2,2,4,100,0.5,8.0,3.0,0.0,8.0,3.0,1.0,0.5
697,More than 5 years,80,2,5,3,90,6.0,8.0,3.0,0.0,10.0,6.0,1.0,6.4
698,Between 6 and 12 months,60,3,4,4,60,1.0,5.0,2.0,1.0,8.0,5.0,9.0,1.7999999999999998
700,Between 1 and 5 years,5,3,1,3,50,2.5,9.5,9.0,0.0,9.5,10.0,4.5,0.125
702,Between 6 and 12 months,50,5,5,5,100,3.0,5.0,1.0,0.0,8.0,5.0,1.0,3.0
704,More than 5 years,50,2,3,3,50,0.5,8.0,2.0,0.5,8.0,3.0,1.0,0.0
705,More than 5 years,50,3,3,3,50,1.0,6.0,6.0,0.0,6.0,6.0,5.0,0.5
706,More than 5 years,30,4,4,4,100,2.0,8.0,12.0,0.0,10.0,12.0,2.0,1.2
707,More than 5 years,80,3,4,3,60,4.0,9.0,3.0,0.0,13.0,3.0,2.0,6.4
708,Between 1 and 5 years,70,3,4,4,50,1.0,6.0,4.0,0.0,7.0,3.0,3.0,1.4
709,Between 1 and 5 years,80,5,5,5,60,1.0,8.0,3.0,0.0,8.0,4.0,2.0,0.8
710,Between 6 and 12 months,30,4,5,4,50,1.0,9.0,4.0,0.5,9.0,5.0,1.0,0.15
711,Between 6 and 12 months,50,3,3,3,50,1.0,5.0,1.0,2.0,1.0,4.0,1.0,-2.5
713,More than 5 years,5,1,4,4,50,1.0,9.0,8.0,0.0,9.0,9.0,6.0,0.05
714,More than 5 years,20,2,2,4,90,2.0,7.5,0.0,0.0,7.5,0.5,0.5,0.4
715,Between 6 and 12 months,50,4,5,5,80,1.0,7.0,4.0,0.0,7.5,5.0,2.0,0.75
716,More than 5 years,5,5,2,4,5,0.5,8.0,4.0,0.0,12.0,2.0,1.0,0.225
719,Between 1 and 5 years,5,3,4,4,70,3.0,10.0,3.0,0.5,10.0,3.0,2.0,0.125
720,More than 5 years,5,1,2,3,50,2.0,8.0,4.0,0.5,8.0,6.0,2.0,0.07500000000000001
721,Between 6 and 12 months,10,2,4,4,60,2.0,8.0,5.0,0.0,10.0,5.0,1.0,0.4
723,More than 5 years,10,1,5,5,100,4.0,8.0,3.0,0.5,8.0,4.0,4.0,0.35000000000000003
724,Between 1 and 5 years,20,3,4,3,40,2.0,7.0,2.0,0.0,6.0,4.0,1.0,0.2
725,Between 1 and 5 years,100,3,4,4,80,2.0,8.0,2.0,0.0,8.0,2.0,4.0,2.0
726,More than 5 years,50,5,5,5,50,2.0,10.0,4.0,0.0,10.0,6.0,1.0,1.0
729,Between 1 and 5 years,5,4,4,4,20,1.0,9.0,3.0,0.0,9.0,4.0,3.0,0.05
730,Between 6 and 12 months,80,3,3,5,60,2.0,8.0,4.0,0.0,8.0,6.0,2.0,1.6
731,Between 1 and 5 years,5,1,2,3,40,2.0,8.0,6.0,0.0,9.0,4.0,0.5,0.15000000000000002
732,More than 5 years,100,5,4,4,30,1.0,7.0,6.0,1.0,7.0,6.0,10.0,0.0
733,More than 5 years,5,4,4,3,40,2.0,9.0,11.0,0.0,11.0,11.0,2.0,0.2
736,Between 1 and 5 years,20,4,2,3,20,0.5,8.0,3.0,0.0,10.0,3.0,2.0,0.5
737,More than 5 years,5,2,2,2,40,1.0,7.0,4.0,1.0,7.0,6.0,2.0,0.0
738,More than 5 years,20,5,4,4,20,2.0,8.5,3.0,0.5,8.0,4.5,4.0,0.2
740,Between 1 and 5 years,80,4,5,5,50,1.0,6.0,0.5,0.5,7.0,0.0,0.0,1.2000000000000002
742,Between 1 and 5 years,20,4,5,4,50,1.0,8.0,4.0,0.5,9.0,4.0,2.0,0.30000000000000004
743,Between 1 and 5 years,30,2,4,5,80,3.0,8.0,7.0,1.0,8.0,9.0,6.0,0.6
744,Between 1 and 5 years,80,3,4,3,80,2.0,7.0,4.0,0.0,10.0,4.0,2.0,4.0
745,More than 5 years,10,2,4,5,10,1.0,8.0,3.0,0.1,8.0,4.0,2.0,0.09000000000000001
746,More than 5 years,70,4,4,4,50,3.0,8.0,3.0,1.0,9.0,3.0,2.0,2.0999999999999996
747,Between 6 and 12 months,50,3,4,4,50,2.0,10.0,9.0,2.0,12.0,8.0,2.0,1.0
751,Between 1 and 5 years,50,5,5,5,50,1.0,4.0,4.0,0.0,4.0,4.0,0.0,0.5
752,More than 5 years,20,2,5,5,100,3.0,7.0,3.0,0.0,7.0,4.0,1.0,0.6000000000000001
753,Between 1 and 5 years,100,5,5,5,100,0.5,8.0,3.0,0.0,8.0,3.0,3.0,0.5
754,Between 1 and 5 years,20,2,3,5,50,1.5,7.5,0.0,1.5,7.5,0.0,0.0,0.0
755,More than 5 years,30,5,2,3,10,1.0,9.0,3.0,0.5,8.0,3.0,3.0,-0.15
756,Between 6 and 12 months,20,3,3,3,30,3.0,8.0,5.0,0.5,8.0,6.0,1.0,0.5
759,More than 5 years,10,4,4,4,20,1.0,7.0,2.0,1.0,7.0,1.0,1.0,0.0
760,Between 1 and 5 years,50,4,5,4,90,3.0,8.0,3.0,1.0,10.0,6.0,6.0,2.0
764,More than 5 years,100,5,3,4,50,1.0,10.0,2.0,0.0,12.0,2.0,2.0,3.0
766,More than 5 years,20,2,4,4,70,4.0,7.0,5.0,0.0,7.0,9.0,2.0,0.8
767,More than 5 years,20,4,4,4,80,3.0,7.0,3.0,1.0,8.0,5.0,4.0,0.6000000000000001
768,More than 5 years,30,3,4,3,20,1.0,7.0,3.0,0.5,7.0,3.0,10.5,0.15
769,More than 5 years,30,2,4,5,100,2.0,7.5,3.0,0.0,8.0,4.0,1.0,0.75
770,More than 5 years,50,5,3,5,70,0.0,5.0,0.0,0.0,5.0,0.0,0.0,0.0
771,Between 1 and 5 years,90,4,5,5,90,1.5,7.5,3.5,0.5,9.0,3.0,2.5,2.25
773,More than 5 years,20,2,4,2,20,0.5,8.0,5.0,0.2,8.0,5.0,3.0,0.06
775,More than 5 years,100,4,5,5,100,1.0,1.0,2.0,4.0,1.0,4.0,2.0,-3.0
777,More than 5 years,60,5,5,5,50,2.0,9.0,3.0,0.0,10.0,2.0,3.0,1.7999999999999998
778,Between 6 and 12 months,20,5,5,5,20,1.5,8.0,4.0,1.0,8.0,4.5,0.0,0.1
779,Between 1 and 5 years,50,3,3,3,50,1.0,1.0,1.0,1.0,1.0,1.0,1.0,0.0
782,Between 1 and 5 years,20,3,4,4,50,1.5,8.0,3.0,0.0,8.0,4.0,2.0,0.30000000000000004
784,Between 1 and 5 years,10,3,4,4,20,1.5,7.0,0.5,0.5,8.0,0.5,0.5,0.2
785,Between 1 and 5 years,30,3,4,5,100,3.0,8.0,2.0,0.5,6.0,4.0,3.0,0.15
786,More than 5 years,10,2,2,4,40,1.5,9.0,3.0,0.0,10.0,3.0,1.0,0.25
787,More than 5 years,70,4,5,5,20,5.0,1.0,2.0,4.0,10.0,5.0,2.0,7.0
788,More than 5 years,60,5,5,5,60,1.0,7.5,3.0,0.5,7.0,4.0,2.0,0.0
790,More than 5 years,50,5,5,5,80,1.5,7.0,0.0,0.5,8.0,0.0,0.0,1.0
792,More than 5 years,40,4,3,3,20,1.25,9.0,5.0,0.25,9.5,4.5,1.0,0.6000000000000001
793,Between 1 and 5 years,100,3,4,4,100,1.0,6.0,1.0,0.0,8.0,1.0,8.0,3.0
795,Between 1 and 5 years,20,4,3,4,30,1.0,2.0,2.0,1.0,2.0,1.0,2.0,0.0
796,More than 5 years,100,4,3,3,50,3.0,8.0,3.0,3.0,8.0,3.0,4.0,0.0
798,Between 1 and 5 years,5,4,4,3,5,0.5,8.0,4.0,0.0,8.5,4.0,1.0,0.05
799,More than 5 years,5,1,1,4,50,1.0,7.0,2.0,0.1,7.0,2.5,2.0,0.045000000000000005
802,Between 1 and 5 years,50,5,4,5,90,1.0,8.0,3.0,0.0,10.0,2.0,2.0,1.5
803,More than 5 years,5,2,4,4,50,1.5,8.0,3.0,0.25,8.0,4.0,2.0,0.0625
804,Between 1 and 5 years,5,2,3,3,20,1.5,7.0,2.0,0.5,7.0,4.0,2.0,0.05
807,Between 1 and 5 years,5,3,3,4,40,2.0,10.0,2.0,0.0,10.0,3.0,1.0,0.1
808,More than 5 years,60,4,3,4,20,1.0,7.0,14.0,1.0,7.0,14.0,2.0,0.0
810,Between 1 and 5 years,30,2,4,3,40,0.75,7.5,1.0,0.25,8.0,1.0,1.0,0.3
812,More than 5 years,5,3,4,4,20,1.0,7.0,1.0,1.0,8.0,1.0,1.0,0.05
814,More than 5 years,5,3,5,3,10,0.5,6.5,1.0,0.0,8.0,0.0,4.0,0.1
815,Between 1 and 5 years,5,1,4,3,5,2.0,9.0,1.0,1.0,9.0,2.0,1.0,0.05
816,Between 1 and 5 years,30,4,3,4,50,0.5,10.0,2.0,1.0,10.0,13.0,0.0,-0.15
820,More than 5 years,70,5,5,5,100,2.0,7.0,4.0,0.0,5.0,5.0,3.0,0.0
821,More than 5 years,80,3,3,3,40,2.0,8.0,2.0,0.0,8.0,3.0,0.0,1.6
823,Between 1 and 5 years,40,3,5,5,100,2.0,8.0,3.0,0.5,9.0,4.0,1.0,1.0
824,Between 1 and 5 years,90,5,5,5,100,1.5,7.5,3.0,0.5,7.5,5.0,4.0,0.9
825,Between 1 and 5 years,10,4,4,4,80,2.0,8.0,4.0,0.0,10.0,4.0,2.0,0.4
826,Between 1 and 5 years,5,4,5,4,50,0.5,8.0,4.0,0.5,8.0,4.0,1.0,0.0
827,Between 1 and 5 years,20,4,4,5,80,3.0,6.0,5.0,0.0,9.0,5.0,2.0,1.2000000000000002
828,Between 1 and 5 years,40,5,5,5,70,2.0,8.0,6.0,0.2,9.0,6.0,2.0,1.1199999999999999
831,Between 1 and 5 years,10,1,1,5,80,2.0,8.0,3.0,0.0,9.0,3.0,3.0,0.30000000000000004
832,Between 1 and 5 years,50,4,4,4,50,10.0,10.0,2.0,5.0,5.0,10.0,4.0,0.0
835,Between 1 and 5 years,80,2,2,2,80,4.0,8.0,1.0,0.0,10.0,2.0,1.0,4.800000000000001
836,Between 1 and 5 years,60,5,5,4,40,1.0,8.0,2.0,0.5,7.0,2.0,2.5,-0.3
837,More than 5 years,30,3,5,5,100,2.0,7.5,1.0,0.0,8.5,3.0,2.0,0.8999999999999999
838,Between 1 and 5 years,20,3,3,3,10,0.45,8.0,0.0,0.0,6.0,1.0,1.0,-0.31000000000000005
840,Between 1 and 5 years,40,1,2,2,5,1.0,2.0,1.0,2.0,5.0,3.0,4.0,0.8
843,More than 5 years,40,4,2,4,50,3.0,5.0,4.0,0.0,5.0,4.0,4.0,1.2000000000000002
846,More than 5 years,20,3,4,4,90,2.0,8.0,2.0,0.0,9.0,2.0,2.0,0.6000000000000001
847,More than 5 years,20,2,2,2,30,0.5,8.0,8.0,0.0,8.0,8.0,5.0,0.1
848,More than 5 years,100,3,5,5,100,0.0,0.0,0.0,0.0,4.0,2.0,10.0,4.0
849,More than 5 years,20,4,5,5,50,1.5,6.0,6.0,0.0,6.0,6.0,3.0,0.30000000000000004
850,Between 1 and 5 years,10,5,4,4,50,1.0,10.0,0.5,0.0,14.0,0.5,0.0,0.5
851,Between 6 and 12 months,90,5,4,4,50,1.0,8.0,4.0,0.5,8.0,5.0,1.0,0.45
853,Between 1 and 5 years,40,3,3,3,50,1.0,1.0,1.0,0.0,0.0,0.0,0.0,0.0
854,More than 5 years,20,4,4,5,50,1.5,8.0,4.0,0.5,9.0,6.0,4.0,0.4
855,More than 5 years,100,3,3,4,100,1.0,2.0,4.0,1.0,4.0,2.0,4.0,2.0
856,More than 5 years,10,3,4,5,5,1.0,8.0,11.0,0.0,8.0,12.0,4.0,0.1
858,Between 6 and 12 months,20,5,5,5,100,2.5,10.0,8.5,0.0,12.0,8.0,4.0,0.9
859,More than 5 years,5,2,2,3,20,1.0,9.0,13.0,0.0,9.5,13.0,1.5,0.07500000000000001
860,Between 1 and 5 years,10,2,5,5,50,4.0,8.0,12.0,0.5,9.0,13.5,1.0,0.45
861,More than 5 years,5,4,4,5,50,2.0,10.0,1.5,0.0,10.0,3.0,2.0,0.1
862,Between 1 and 5 years,5,4,4,4,50,0.0,8.0,0.0,0.0,8.0,0.0,0.0,0.0
863,More than 5 years,40,4,4,4,40,1.0,8.0,4.0,0.0,8.0,4.0,2.0,0.4
866,Between 1 and 5 years,100,5,4,4,80,1.0,6.0,2.0,0.25,5.0,3.0,5.0,-0.25
867,More than 5 years,80,3,4,4,70,1.0,5.0,4.0,0.0,9.0,4.0,1.0,4.0
869,More than 5 years,5,2,4,4,50,1.0,8.0,1.0,0.0,8.0,2.0,0.0,0.05
870,Between 1 and 5 years,60,2,4,5,90,2.0,9.0,2.0,0.5,8.0,4.0,1.0,0.3
871,Between 6 and 12 months,100,4,5,4,80,3.5,7.0,2.0,1.0,7.0,4.0,4.0,2.5
875,Between 1 and 5 years,10,1,4,5,50,0.5,7.0,2.0,0.0,8.0,4.0,1.0,0.15000000000000002
877,Between 1 and 5 years,30,5,4,5,40,2.0,8.0,4.0,0.0,8.0,6.0,2.0,0.6
880,More than 5 years,100,2,3,4,100,1.0,7.5,2.5,0.0,8.0,2.0,2.0,1.5
881,Between 1 and 5 years,70,3,4,4,70,2.0,5.0,2.0,0.0,6.0,3.0,4.0,2.0999999999999996
882,More than 5 years,60,3,3,4,10,1.0,8.0,6.0,0.0,9.0,6.0,1.0,1.2
883,Between 1 and 5 years,40,4,4,4,100,3.0,8.0,2.0,0.0,8.0,4.0,4.0,1.2000000000000002
885,More than 5 years,5,2,4,4,20,1.5,9.0,5.0,0.0,9.0,6.0,0.5,0.07500000000000001
886,More than 5 years,10,5,5,5,20,1.0,8.0,4.0,0.0,8.0,5.0,4.0,0.1
887,More than 5 years,20,4,4,5,40,1.0,8.0,4.0,0.0,7.5,4.5,2.0,0.1
889,More than 5 years,40,1,4,4,50,2.0,8.0,2.0,0.5,8.0,4.0,3.0,0.6000000000000001
890,Between 1 and 5 years,50,4,4,3,60,2.0,9.0,3.0,0.5,10.0,4.0,2.0,1.25
891,Between 1 and 5 years,30,5,5,5,100,2.0,8.0,4.0,1.0,9.0,4.0,2.0,0.6
893,Between 1 and 5 years,5,3,5,5,50,4.0,8.0,6.0,0.5,8.0,6.0,4.0,0.17500000000000002
894,More than 5 years,5,2,4,4,30,1.5,8.0,2.0,0.5,8.5,2.0,2.0,0.07500000000000001
895,More than 5 years,20,4,4,4,50,1.0,9.0,12.0,0.0,8.0,14.0,2.0,0.0
896,Between 6 and 12 months,10,3,4,3,50,2.0,9.0,4.0,0.5,10.0,4.0,1.0,0.25
897,More than 5 years,30,5,5,5,80,6.0,6.0,6.0,0.0,9.0,10.0,5.0,2.6999999999999997
898,Between 1 and 5 years,100,3,3,3,50,3.0,3.0,3.0,6.0,3.0,1.5,1.5,-3.0
899,More than 5 years,90,5,5,5,90,1.0,5.0,14.0,0.0,8.0,12.0,4.0,3.6
901,More than 5 years,10,3,3,4,60,3.0,8.0,4.0,0.0,12.0,4.0,4.0,0.7000000000000001
902,Between 1 and 5 years,80,5,4,4,50,0.75,7.0,1.0,0.25,7.0,2.0,1.0,0.4
903,Between 1 and 5 years,5,2,4,5,80,3.0,7.5,3.0,0.0,7.0,6.0,3.0,0.125
904,More than 5 years,50,5,4,4,70,2.0,9.0,5.0,0.0,9.0,6.0,2.0,1.0
905,More than 5 years,50,5,5,5,90,2.0,8.0,5.0,0.0,9.0,6.0,1.0,1.5
906,Between 6 and 12 months,40,4,4,5,10,2.0,3.0,2.0,2.0,4.0,3.0,3.0,0.4
907,Between 1 and 5 years,100,5,5,5,100,0.0,0.0,0.0,0.0,8.0,8.0,8.0,8.0
908,Between 1 and 5 years,20,3,4,4,50,1.5,8.0,0.5,0.0,8.0,1.0,1.0,0.30000000000000004
909,More than 5 years,50,5,5,5,50,1.0,10.0,8.0,2.0,12.0,4.0,6.0,0.5
910,More than 5 years,30,1,4,2,30,0.25,9.0,3.5,0.0,7.0,7.0,0.5,-0.525
911,More than 5 years,20,1,2,3,50,2.0,8.0,3.0,0.0,10.0,3.0,2.0,0.8
912,Between 1 and 5 years,5,3,3,4,80,1.0,10.0,10.0,0.0,11.0,10.0,3.0,0.1
915,More than 5 years,100,5,5,4,80,3.0,6.0,2.0,0.0,9.5,4.0,3.0,6.5
916,More than 5 years,5,2,3,4,30,2.0,6.0,0.5,0.0,7.0,0.5,0.5,0.15000000000000002
917,Between 1 and 5 years,10,5,5,5,40,1.0,1.0,1.0,1.0,1.0,1.0,1.0,0.0
918,More than 5 years,5,4,4,4,20,2.0,8.0,3.0,0.0,8.0,5.0,1.0,0.1
920,More than 5 years,30,2,4,4,50,2.0,10.0,2.0,0.0,10.0,5.0,2.0,0.6
921,More than 5 years,5,3,4,4,80,1.0,8.0,8.0,0.0,8.0,8.0,8.0,0.05
922,Between 1 and 5 years,90,5,5,5,100,2.5,2.0,3.0,0.0,4.0,3.0,4.0,4.05
924,More than 5 years,5,2,3,4,50,1.0,8.0,1.0,0.0,8.0,0.0,0.0,0.05
926,More than 5 years,20,3,4,4,40,0.5,7.5,1.0,0.0,7.5,1.0,1.0,0.1
927,More than 5 years,100,4,4,4,100,1.0,8.0,8.0,1.0,8.0,8.0,7.0,0.0
928,More than 5 years,20,3,3,4,40,2.5,7.5,2.0,0.0,7.5,3.0,3.0,0.5
929,Between 1 and 5 years,80,5,5,4,70,2.0,8.0,3.0,0.0,10.0,4.0,1.0,3.2
930,More than 5 years,10,4,2,2,50,0.5,8.0,2.0,0.0,8.0,2.0,2.0,0.05
935,More than 5 years,90,5,4,5,60,2.0,4.0,0.5,0.25,6.0,1.0,1.0,3.375
936,Between 1 and 5 years,10,4,5,4,50,3.0,8.0,2.0,1.0,9.0,2.0,0.0,0.30000000000000004
937,Between 6 and 12 months,80,5,5,5,90,0.2,7.5,12.0,0.1,7.5,12.4,4.0,0.08000000000000002
938,More than 5 years,20,3,4,4,90,2.0,8.0,2.0,0.0,9.0,3.0,1.0,0.6000000000000001
939,More than 5 years,5,4,1,3,40,1.0,9.5,0.5,0.5,8.0,1.5,1.0,-0.05
940,Between 1 and 5 years,5,3,3,3,20,1.0,7.0,3.0,0.0,7.0,5.0,2.0,0.05
941,More than 5 years,10,4,5,4,50,1.0,9.0,3.0,0.5,8.0,4.0,3.0,-0.05
942,Between 1 and 5 years,5,4,4,4,90,1.5,7.5,2.0,0.5,7.5,3.0,2.0,0.05
943,Between 1 and 5 years,20,1,4,4,100,2.0,12.0,2.0,0.5,12.0,4.0,0.0,0.30000000000000004
945,Between 6 and 12 months,30,2,3,3,20,1.0,1.0,1.0,1.0,1.0,1.0,1.0,0.0
948,More than 5 years,5,2,4,4,20,0.5,6.0,1.0,0.0,7.0,0.5,0.5,0.07500000000000001
949,Between 6 and 12 months,30,3,3,3,30,1.0,8.0,1.0,1.0,5.0,4.0,2.0,-0.8999999999999999
950,Between 1 and 5 years,5,2,5,3,50,1.0,7.0,5.0,0.1,8.0,6.0,6.0,0.095
951,Between 6 and 12 months,70,4,3,4,50,2.5,7.5,4.0,0.0,7.5,4.5,4.0,1.75
952,Between 1 and 5 years,5,4,4,4,40,1.5,10.0,3.0,0.0,12.0,2.5,1.5,0.17500000000000002
953,Between 1 and 5 years,100,3,5,5,100,1.0,4.0,6.0,0.0,4.0,6.0,4.0,1.0
954,More than 5 years,5,3,1,5,40,2.5,7.5,3.0,0.0,6.5,8.0,2.0,0.07500000000000001
955,Between 1 and 5 years,5,4,2,3,30,1.0,9.0,1.0,0.0,10.0,2.0,3.0,0.1
957,More than 5 years,40,4,4,4,30,0.5,8.0,4.0,0.25,6.0,8.0,8.0,-0.7000000000000001
959,More than 5 years,20,3,5,5,40,2.5,10.0,4.0,0.5,10.0,4.0,2.0,0.4
963,Between 1 and 5 years,50,5,5,5,80,4.0,8.0,2.0,0.0,9.0,4.0,4.0,2.5
964,Between 1 and 5 years,5,1,3,3,100,2.0,8.0,0.0,2.0,10.0,4.0,1.0,0.1
965,Between 6 and 12 months,70,5,5,5,60,2.0,15.0,5.0,0.0,16.0,4.0,4.0,2.0999999999999996
966,Between 1 and 5 years,100,5,5,5,100,4.0,8.0,2.0,0.0,10.0,4.0,2.0,6.0
968,More than 5 years,5,2,4,4,50,0.5,9.0,4.0,0.5,10.0,4.0,2.0,0.05
969,More than 5 years,20,5,3,5,60,2.5,8.0,8.0,0.0,8.0,10.0,6.0,0.5
970,Between 1 and 5 years,5,2,3,3,50,1.0,8.0,4.0,0.0,8.0,4.0,1.0,0.05
971,More than 5 years,70,2,4,5,50,1.0,8.0,1.0,0.0,8.0,3.0,2.0,0.7
972,Between 1 and 5 years,30,1,2,4,80,2.0,7.5,2.0,0.5,10.0,2.0,1.0,1.2
973,More than 5 years,10,2,5,4,80,1.0,8.0,13.0,0.5,8.5,13.0,2.0,0.1
974,Between 1 and 5 years,10,4,4,4,50,1.0,8.0,4.0,0.0,8.0,4.0,2.0,0.1
977,Between 1 and 5 years,80,3,4,5,100,3.5,8.0,0.0,0.5,4.0,1.0,4.0,-0.8
979,More than 5 years,5,2,4,2,5,1.0,9.0,1.0,0.5,10.0,2.0,2.0,0.07500000000000001
981,Between 1 and 5 years,50,5,4,3,70,1.0,7.0,3.0,0.0,8.0,3.0,2.0,1.0
982,More than 5 years,20,3,4,3,5,1.0,9.0,12.0,0.5,10.0,12.0,1.5,0.30000000000000004
983,Between 1 and 5 years,40,4,4,4,80,1.5,9.0,9.5,0.5,10.0,9.5,4.0,0.8
984,More than 5 years,20,3,3,4,30,2.0,7.5,2.0,0.0,7.5,3.0,3.0,0.4
985,More than 5 years,20,1,5,4,60,2.0,8.0,0.5,0.0,9.0,1.0,1.0,0.6000000000000001
986,More than 5 years,10,3,2,4,10,0.5,11.0,3.0,0.5,11.0,3.0,2.0,0.0
987,More than 5 years,100,5,3,4,100,0.0,6.0,4.0,0.0,6.0,4.0,5.0,0.0
989,Between 6 and 12 months,40,3,3,3,50,1.0,10.0,5.0,1.0,11.0,5.0,5.0,0.4
990,Between 1 and 5 years,20,2,4,4,60,1.0,8.0,14.0,1.0,8.0,14.0,1.0,0.0
992,More than 5 years,90,5,5,5,100,0.1,2.0,3.0,0.0,4.0,3.0,3.0,1.8900000000000001
993,More than 5 years,50,4,4,4,100,5.0,8.0,8.0,0.0,12.0,8.0,4.0,4.5
994,More than 5 years,10,4,4,4,80,2.0,9.0,3.0,0.0,10.0,4.0,3.0,0.30000000000000004
995,Between 1 and 5 years,20,2,3,3,50,0.5,5.0,1.0,0.5,6.0,0.5,0.0,0.2
996,More than 5 years,10,3,4,3,50,0.5,5.0,2.0,0.1,6.0,3.0,1.0,0.13999999999999999
997,More than 5 years,5,1,4,2,50,1.5,7.0,2.0,0.0,7.0,2.0,1.0,0.07500000000000001
998,Between 1 and 5 years,10,3,5,5,60,5.0,8.0,2.0,0.5,9.0,3.0,3.0,0.55
999,More than 5 years,20,5,5,5,50,0.5,7.5,4.0,0.0,7.5,5.0,0.0,0.1
1001,More than 5 years,100,1,5,5,100,12.0,8.0,2.0,0.0,8.0,8.0,8.0,12.0
1002,More than 5 years,5,4,5,3,50,1.0,11.0,2.0,0.5,10.0,3.0,3.0,-0.025
1003,More than 5 years,20,2,4,5,80,2.5,9.0,11.5,0.0,8.0,15.0,1.0,0.30000000000000004
1005,More than 5 years,5,2,3,3,60,1.0,9.0,4.0,0.1,9.5,4.5,1.5,0.06999999999999999
1009,More than 5 years,20,4,5,5,20,2.0,6.0,3.0,0.5,6.0,5.0,2.0,0.30000000000000004
1011,Between 1 and 5 years,40,2,4,5,100,6.0,9.0,1.0,2.0,10.0,3.0,3.0,2.0
1012,Between 1 and 5 years,20,4,4,4,90,2.0,7.6,12.4,0.0,7.6,14.4,2.0,0.4
1014,Between 1 and 5 years,70,4,4,4,80,1.0,5.0,2.0,5.0,5.0,3.0,3.0,-2.8
1015,Between 1 and 5 years,5,2,5,5,100,2.5,8.0,4.0,0.0,8.0,7.0,2.0,0.125
1016,Between 1 and 5 years,10,3,4,3,5,0.3,6.0,4.0,0.3,6.0,3.0,2.0,0.0
1017,More than 5 years,70,3,4,4,70,1.0,1.0,1.0,1.0,1.0,1.0,1.0,0.0
1018,More than 5 years,10,3,3,4,90,4.0,4.0,3.0,1.0,4.0,4.0,4.0,0.30000000000000004
1019,More than 5 years,5,3,4,4,70,1.0,8.0,2.0,0.1,6.9,3.0,2.0,-0.009999999999999981
1020,More than 5 years,10,2,2,4,40,2.0,7.0,2.0,0.5,9.0,4.0,4.0,0.35000000000000003
1021,More than 5 years,5,3,4,3,40,2.0,7.0,3.0,0.0,9.0,3.0,1.0,0.2
1022,Between 1 and 5 years,30,4,4,4,100,1.0,8.0,4.0,0.0,8.0,5.0,1.0,0.3
1023,Between 1 and 5 years,5,2,2,2,60,3.0,8.0,12.0,1.0,8.0,13.0,2.0,0.1
1026,More than 5 years,20,5,5,5,40,2.0,6.0,4.0,0.0,4.0,5.0,5.0,0.0
1027,More than 5 years,5,1,2,2,60,1.5,8.0,6.0,0.5,10.0,4.0,1.0,0.15000000000000002
1028,More than 5 years,5,2,3,2,30,2.0,7.5,5.0,0.0,8.0,7.0,1.0,0.125
1029,Between 1 and 5 years,20,5,5,5,30,1.5,8.5,9.0,0.5,9.0,8.5,6.0,0.30000000000000004
1030,More than 5 years,10,1,2,4,50,1.0,5.0,0.0,0.0,6.0,1.0,1.0,0.2
1031,Between 1 and 5 years,50,1,4,5,50,1.5,7.5,3.0,0.5,7.0,3.0,2.0,0.25
1032,More than 5 years,90,5,5,4,90,4.0,8.0,8.0,0.0,8.0,12.0,4.0,3.6
1033,Between 6 and 12 months,30,3,3,2,5,1.0,1.0,1.0,1.0,1.0,1.0,1.0,0.0
1034,More than 5 years,30,3,5,5,40,2.0,6.0,4.0,0.5,8.0,2.0,1.0,1.05
1035,More than 5 years,30,4,5,5,5,1.0,8.0,4.0,0.0,8.0,4.0,2.0,0.3
1039,Between 1 and 5 years,10,4,4,4,20,3.0,11.0,2.0,0.0,10.0,4.0,2.0,0.2
1040,More than 5 years,60,3,4,5,60,1.5,6.5,11.0,1.0,6.5,13.0,3.5,0.3
1042,More than 5 years,5,2,4,4,80,2.0,6.0,3.0,0.0,8.0,5.0,4.0,0.2
1043,More than 5 years,10,3,4,3,50,1.0,8.0,2.0,1.5,8.0,2.0,2.0,-0.05
1044,More than 5 years,5,1,2,4,60,2.0,8.0,2.0,0.0,8.0,4.0,2.0,0.1
1045,More than 5 years,50,3,3,3,50,1.0,10.0,3.0,0.0,10.0,3.0,1.0,0.5
1046,More than 5 years,100,5,3,5,100,1.0,5.0,5.0,1.0,6.0,6.0,1.0,1.0
1047,More than 5 years,5,5,5,5,50,4.0,8.0,10.0,0.0,8.0,12.0,4.0,0.2
1049,More than 5 years,5,3,3,3,70,1.0,8.0,1.0,0.0,8.0,2.0,1.0,0.05
1051,Between 6 and 12 months,80,4,4,4,70,1.5,8.0,2.5,1.5,5.0,1.5,1.5,-2.4000000000000004
1052,Between 1 and 5 years,10,5,5,5,60,2.0,8.0,2.0,0.0,8.0,4.0,1.0,0.2
1054,Between 1 and 5 years,50,4,4,4,50,1.0,8.0,12.0,0.5,8.0,12.5,3.0,0.25
1055,More than 5 years,40,3,4,4,50,0.5,8.5,4.0,1.5,9.0,3.0,1.5,-0.2
1056,Between 1 and 5 years,30,4,2,3,10,2.0,6.0,1.0,0.0,6.0,1.0,1.0,0.6
1057,Between 6 and 12 months,40,3,4,4,80,3.0,8.0,10.0,0.0,8.0,8.0,8.0,1.2000000000000002
1058,More than 5 years,20,5,5,5,5,0.5,8.0,5.0,0.0,8.0,5.0,4.0,0.1
1059,Between 1 and 5 years,5,2,4,4,20,2.5,8.0,2.0,0.5,8.0,3.0,3.0,0.1
1060,More than 5 years,5,4,4,4,50,0.5,6.25,2.0,0.5,6.25,2.0,3.5,0.0
1061,More than 5 years,70,4,5,4,50,1.0,6.0,1.0,0.0,6.0,1.0,0.0,0.7
1062,Between 6 and 12 months,60,5,3,4,60,1.0,7.0,4.0,2.0,7.0,3.0,2.0,-0.6
1063,More than 5 years,50,5,5,5,50,0.5,9.0,5.0,0.0,9.0,5.0,2.0,0.25
1064,More than 5 years,40,4,4,4,50,1.0,8.0,3.0,2.0,8.0,6.0,8.0,-0.4
1065,More than 5 years,5,1,3,3,50,4.0,8.0,10.0,1.0,8.0,11.0,4.0,0.15000000000000002
1066,More than 5 years,60,5,5,3,60,4.0,12.0,8.0,4.0,12.0,8.0,0.0,0.0
1068,More than 5 years,20,2,4,4,20,2.0,9.0,4.0,1.0,10.0,6.0,4.0,0.4
1072,More than 5 years,10,3,4,3,30,0.5,10.0,3.0,0.0,8.0,3.0,4.0,-0.15000000000000002
1075,More than 5 years,50,5,5,4,50,0.0,5.0,2.0,1.0,5.0,1.0,0.0,-0.5
1076,More than 5 years,5,3,4,5,80,1.5,8.0,13.5,0.0,8.0,15.0,1.0,0.07500000000000001
1077,Between 1 and 5 years,30,4,4,4,90,2.0,6.0,7.0,1.0,9.0,10.0,4.0,1.2
1078,More than 5 years,20,3,4,3,30,1.0,5.0,1.0,1.0,7.0,2.0,2.0,0.4
1080,More than 5 years,100,5,5,5,100,3.0,8.0,2.0,0.0,10.0,2.0,2.0,5.0
1082,Between 6 and 12 months,60,3,3,3,80,2.0,2.0,2.0,2.0,2.0,2.0,2.0,0.0
1084,Between 1 and 5 years,20,4,5,5,50,1.0,8.0,4.0,0.5,8.0,5.0,3.0,0.1
1085,More than 5 years,60,4,5,5,70,1.0,1.0,0.5,1.0,1.0,0.5,0.5,0.0
1086,Between 1 and 5 years,90,3,4,4,80,2.0,6.0,1.0,0.0,9.0,1.0,1.0,4.5
1087,More than 5 years,20,3,3,4,20,1.0,3.0,2.0,2.0,3.0,1.0,1.0,-0.2
1088,Between 6 and 12 months,20,4,5,5,20,2.0,8.0,5.0,0.5,8.0,6.0,1.5,0.30000000000000004
1090,Between 1 and 5 years,50,4,5,5,50,0.25,7.0,3.0,0.0,6.0,3.0,2.0,-0.375
1091,More than 5 years,30,2,4,5,80,1.0,6.0,0.5,0.0,7.0,0.0,0.5,0.6
1093,More than 5 years,50,2,4,2,80,2.0,10.0,12.0,0.0,11.0,13.0,0.0,1.5
1094,Between 1 and 5 years,10,3,2,3,20,1.0,8.0,4.0,0.5,7.0,5.0,2.0,-0.05
1095,More than 5 years,50,4,5,4,50,2.0,8.0,3.0,0.5,9.0,3.0,1.5,1.25
1097,More than 5 years,50,4,2,5,50,1.0,7.0,1.0,0.0,9.0,3.0,2.0,1.5
1099,More than 5 years,5,4,4,2,10,2.5,8.0,3.0,0.5,9.0,3.0,2.0,0.15000000000000002
1100,Between 1 and 5 years,60,2,4,3,70,2.0,8.0,6.0,2.0,8.0,7.0,6.0,0.0
1102,Between 1 and 5 years,70,5,4,4,70,1.0,8.0,5.0,1.5,8.0,5.0,4.0,-0.35
1104,More than 5 years,90,3,5,5,100,4.5,7.5,1.0,0.5,9.0,3.5,3.0,4.95
1106,Between 1 and 5 years,10,2,3,3,10,1.0,11.0,11.0,1.0,5.0,1.0,1.0,-0.6000000000000001
1108,More than 5 years,90,3,3,3,90,2.0,7.0,4.0,2.0,5.0,2.0,1.0,-1.8
1109,More than 5 years,20,3,4,4,50,4.0,8.0,2.0,1.0,8.0,3.0,1.0,0.6000000000000001
1110,More than 5 years,30,4,3,3,60,1.0,12.0,2.0,1.0,12.0,1.0,1.0,0.0
1111,More than 5 years,50,4,4,4,50,3.0,8.0,2.0,1.0,10.0,2.0,2.0,2.0
1112,Between 1 and 5 years,40,2,5,5,5,0.5,7.0,0.0,0.0,7.0,0.0,0.0,0.2
1113,More than 5 years,10,4,4,2,80,5.0,14.0,4.0,1.0,18.0,3.0,2.0,0.8
1115,More than 5 years,70,5,4,3,20,0.5,9.0,4.0,0.5,9.0,4.0,1.0,0.0
1116,More than 5 years,40,5,5,5,60,1.0,7.0,5.0,0.0,7.0,5.0,5.0,0.4
1117,More than 5 years,80,3,3,3,30,0.0,4.0,4.0,0.0,6.0,5.0,13.0,1.6
1118,Between 1 and 5 years,20,5,5,5,100,2.0,9.0,4.0,0.0,12.0,4.0,4.0,1.0
1119,Between 6 and 12 months,40,3,4,4,40,1.0,7.0,5.0,0.0,7.0,8.0,8.0,0.4
1121,Between 1 and 5 years,50,4,4,4,100,0.2,7.0,4.0,0.1,7.0,3.0,3.0,0.05
1122,Between 1 and 5 years,30,5,5,5,20,0.5,8.0,7.0,0.0,8.0,7.0,4.0,0.15
1124,More than 5 years,60,3,5,5,90,3.0,8.0,2.0,0.0,9.0,3.0,3.0,2.4
1125,Between 6 and 12 months,5,3,3,2,20,5.0,6.0,11.0,5.0,6.0,11.0,2.0,0.0
1126,Between 1 and 5 years,30,3,3,3,5,1.0,2.0,3.0,2.0,2.0,2.0,2.0,-0.3
1127,More than 5 years,50,5,3,4,30,1.0,8.0,8.0,1.0,8.0,8.0,7.0,0.0
1128,Between 6 and 12 months,70,3,2,4,70,1.0,2.0,2.0,1.0,4.0,2.0,2.0,1.4
1129,More than 5 years,10,3,1,2,20,0.25,10.0,5.0,0.15,3.0,10.0,3.0,-0.6900000000000001
1130,Between 6 and 12 months,50,3,3,3,60,1.5,5.0,0.5,0.0,6.5,1.0,0.05,1.5
1131,Between 1 and 5 years,100,5,4,5,50,0.0,8.0,8.0,0.0,8.0,8.0,8.0,0.0
1132,More than 5 years,80,5,5,5,90,1.5,8.5,3.5,0.5,8.5,4.0,2.0,0.8
1133,Between 1 and 5 years,90,4,4,5,90,1.5,7.5,2.0,0.5,8.5,3.5,3.5,1.8
1134,More than 5 years,40,3,5,5,100,2.5,8.0,4.0,0.5,8.0,5.0,4.0,0.8
1135,Between 6 and 12 months,20,2,2,2,100,2.0,7.5,2.0,0.0,6.0,3.0,4.0,0.1
1136,More than 5 years,30,3,4,5,80,2.0,8.0,2.0,0.5,8.0,5.0,2.0,0.44999999999999996
1138,Between 6 and 12 months,70,2,3,1,30,3.0,5.0,8.0,5.0,5.0,7.0,5.0,-1.4
1139,Between 1 and 5 years,5,1,4,4,50,4.5,7.5,2.0,2.0,7.5,2.5,2.0,0.125
1140,More than 5 years,50,5,5,5,50,1.0,6.0,10.0,0.0,8.0,7.0,9.0,1.5
1141,Between 1 and 5 years,5,5,3,4,20,0.5,6.0,3.0,1.0,7.0,3.0,0.0,0.025
1142,Between 1 and 5 years,70,4,5,5,70,2.0,6.0,12.0,3.0,7.0,10.0,4.0,0.0
1145,Between 6 and 12 months,100,3,3,3,100,3.0,5.0,5.0,0.0,6.0,5.0,4.0,4.0
1147,Between 1 and 5 years,20,4,5,3,30,1.2,8.0,4.0,0.0,8.5,4.0,3.0,0.34
1149,Between 6 and 12 months,80,3,4,4,50,0.5,5.0,1.0,0.5,5.0,2.0,1.0,0.0
1151,More than 5 years,40,5,4,4,60,3.0,2.0,2.0,4.0,3.0,2.0,1.0,0.0
1152,More than 5 years,50,4,4,5,80,1.0,5.0,2.0,2.0,2.0,3.0,3.0,-2.0
1153,Between 6 and 12 months,70,3,4,4,100,2.0,2.0,5.0,0.0,6.0,5.0,5.0,4.199999999999999
1154,More than 5 years,5,1,2,2,5,1.0,3.0,6.0,1.0,3.0,6.0,5.0,0.0
1155,More than 5 years,5,2,4,5,100,3.0,9.0,3.0,0.0,11.0,3.0,2.0,0.25
1156,Between 6 and 12 months,50,4,3,5,50,1.0,8.0,7.0,1.0,8.0,5.0,10.0,0.0
1157,More than 5 years,20,5,5,3,20,3.0,7.6,5.0,1.0,8.0,5.0,3.0,0.4800000000000001
1158,Between 1 and 5 years,50,4,4,3,30,1.0,9.0,2.0,1.0,9.0,2.0,1.0,0.0
1160,Between 6 and 12 months,90,5,4,5,70,1.0,1.0,1.0,1.0,1.0,1.0,1.0,0.0
1161,Between 1 and 5 years,5,4,4,5,20,3.0,8.0,2.0,0.0,8.0,5.0,2.0,0.15000000000000002
1162,More than 5 years,5,4,3,3,50,1.0,7.0,2.0,0.0,7.0,3.0,2.0,0.05
1163,More than 5 years,5,3,4,4,30,2.0,8.0,10.0,0.5,12.0,10.0,1.5,0.275
1164,Between 6 and 12 months,30,5,4,5,40,3.0,7.0,7.0,2.0,7.0,8.0,7.0,0.3
1165,More than 5 years,80,5,5,5,100,2.0,5.0,2.0,2.0,5.0,2.0,0.0,0.0
1168,More than 5 years,20,2,5,5,70,2.5,8.0,4.0,0.25,8.5,6.0,6.0,0.55
1169,More than 5 years,30,4,3,4,80,1.0,8.0,2.0,1.0,8.0,3.0,0.0,0.0
1170,Between 1 and 5 years,40,1,5,5,100,1.0,7.5,2.0,0.0,7.5,2.0,2.0,0.4
1171,Between 1 and 5 years,20,4,2,5,90,2.0,9.0,5.0,0.0,9.0,5.0,0.0,0.4
1172,Between 1 and 5 years,10,3,4,4,50,1.0,10.0,3.0,0.0,10.0,4.0,3.0,0.1
1174,More than 5 years,30,4,5,5,30,2.0,6.0,3.0,3.0,6.0,1.0,1.0,-0.3
1175,Between 1 and 5 years,10,4,3,2,5,1.0,9.0,4.0,0.0,8.0,5.0,2.0,0.0
1177,Between 6 and 12 months,30,5,2,3,10,2.0,8.0,3.0,2.0,9.0,2.0,11.0,0.3
1178,More than 5 years,80,4,5,5,80,0.5,7.0,8.0,1.0,7.0,8.0,8.0,-0.4
1179,More than 5 years,70,4,5,5,80,3.0,8.0,1.0,1.0,9.0,2.0,2.0,2.0999999999999996
1180,Between 1 and 5 years,50,3,4,2,50,1.5,7.0,10.0,2.0,12.0,6.0,4.0,2.25
1181,Between 6 and 12 months,10,4,1,3,20,12.0,12.0,0.0,12.0,10.0,2.0,0.0,-0.2
1182,More than 5 years,90,5,3,4,100,2.0,6.0,4.0,2.0,6.0,4.0,2.0,0.0
1183,More than 5 years,70,4,4,4,70,2.0,6.0,2.0,1.0,10.0,3.0,1.0,3.5
1184,More than 5 years,5,2,4,4,100,2.0,7.0,2.0,0.0,11.0,2.0,2.0,0.30000000000000004
1185,Between 6 and 12 months,30,5,3,1,5,1.0,10.0,6.0,0.0,12.0,4.0,8.0,0.8999999999999999
1186,Between 1 and 5 years,20,2,1,3,20,2.0,7.0,12.0,4.0,8.0,9.0,3.0,-0.2
1188,Between 1 and 5 years,60,4,4,4,80,2.0,8.0,10.0,2.0,8.0,10.0,3.0,0.0
1189,Between 1 and 5 years,30,5,5,5,50,0.5,8.0,7.0,0.5,8.0,7.0,4.0,0.0
1191,Between 1 and 5 years,10,4,4,3,50,1.0,8.0,1.0,0.0,9.0,0.5,2.0,0.2
1192,Between 6 and 12 months,10,4,2,2,10,2.0,9.0,3.0,0.5,9.0,4.0,2.0,0.15000000000000002
1194,Between 6 and 12 months,50,3,3,4,10,6.0,6.0,6.0,6.0,5.0,7.0,6.0,-0.5
1195,Between 1 and 5 years,60,4,4,3,5,2.0,8.0,7.0,0.0,7.0,9.0,8.0,0.6
1196,Between 1 and 5 years,50,4,4,4,50,1.0,8.0,1.0,1.0,8.0,1.0,1.0,0.0
1197,More than 5 years,70,3,3,4,50,1.5,8.0,3.0,0.5,8.0,4.0,2.0,0.7
1203,More than 5 years,80,4,5,5,60,1.0,8.0,4.0,0.5,9.0,5.0,2.0,1.2000000000000002
1204,More than 5 years,80,5,3,4,70,1.0,8.0,0.0,0.0,6.0,2.0,3.0,-0.8
1206,Between 1 and 5 years,10,2,2,4,80,1.0,10.0,4.0,0.0,10.0,5.0,1.0,0.1
1208,More than 5 years,5,5,5,3,5,1.0,7.0,10.0,1.0,7.0,10.0,5.0,0.0
1209,More than 5 years,80,5,5,5,80,1.5,8.0,5.0,0.5,8.0,6.0,1.5,0.8
1211,More than 5 years,100,4,3,4,30,2.0,8.0,6.0,0.0,9.0,4.0,4.0,3.0
1212,More than 5 years,20,5,4,4,20,2.0,20.0,2.0,2.0,20.0,2.0,0.0,0.0
1213,Between 6 and 12 months,70,4,5,5,20,1.0,2.0,0.5,1.0,1.0,1.0,2.0,-0.7
1214,More than 5 years,5,5,4,4,5,1.0,10.0,2.0,0.0,10.0,3.0,3.0,0.05
1218,Between 6 and 12 months,20,5,4,2,10,6.0,6.0,2.0,5.0,8.0,8.0,3.0,0.6000000000000001
1219,Between 1 and 5 years,5,2,4,4,40,2.0,8.0,2.0,0.5,8.0,3.0,3.0,0.07500000000000001
1221,Between 1 and 5 years,50,1,1,1,70,0.6,10.0,8.0,0.6,12.0,6.0,0.5,1.0
1222,Between 1 and 5 years,50,5,5,5,50,3.0,7.0,8.0,0.0,6.0,12.0,6.0,1.0
1223,Between 1 and 5 years,10,4,3,3,5,2.0,10.0,2.0,2.0,8.0,2.0,1.0,-0.2
1224,Between 1 and 5 years,60,4,4,4,60,0.5,6.0,3.0,1.0,6.0,5.0,3.0,-0.3
1225,Between 6 and 12 months,30,3,4,5,70,2.0,6.0,12.0,2.0,8.0,10.0,4.0,0.6
1226,More than 5 years,100,1,5,5,60,2.0,9.0,8.0,0.5,9.5,8.0,6.0,2.0
1228,Between 6 and 12 months,20,4,2,4,40,2.0,6.0,5.0,0.5,8.0,4.0,2.0,0.7000000000000001
1229,Between 1 and 5 years,40,4,3,4,10,1.5,6.5,0.5,0.5,7.0,0.5,1.0,0.6000000000000001
1230,More than 5 years,20,3,3,3,50,0.5,8.0,3.0,0.0,10.0,5.0,3.0,0.5
1231,Between 1 and 5 years,20,2,2,3,50,0.75,7.5,2.0,0.5,7.0,3.0,0.0,-0.05
1233,Between 6 and 12 months,50,3,3,4,50,2.0,8.0,8.0,1.0,8.0,5.0,10.0,0.5
1234,More than 5 years,100,3,3,5,100,0.0,0.0,0.0,0.0,6.0,3.0,2.0,6.0
1235,Between 1 and 5 years,20,2,4,5,60,4.0,7.0,9.0,1.0,7.0,12.0,4.0,0.6000000000000001
1236,Between 6 and 12 months,50,3,3,3,60,2.0,2.0,2.0,2.0,2.0,2.0,2.0,0.0
1237,Between 1 and 5 years,20,4,5,5,80,0.75,8.0,6.0,0.0,10.0,2.0,6.0,0.55
1238,Between 1 and 5 years,100,3,3,3,100,1.0,3.0,18.0,1.0,3.0,18.0,2.0,0.0
1240,More than 5 years,5,2,4,4,50,2.0,7.0,5.0,1.0,9.0,5.0,2.0,0.15000000000000002
1242,Between 1 and 5 years,10,3,4,4,70,2.0,4.0,2.0,1.0,4.0,3.0,3.0,0.1
1243,Between 1 and 5 years,30,5,5,3,30,1.0,3.0,2.0,2.0,1.0,2.0,3.0,-0.8999999999999999
1244,More than 5 years,10,3,4,5,80,2.0,8.0,13.0,0.5,8.0,14.5,1.0,0.15000000000000002
1245,More than 5 years,20,3,5,5,100,4.0,7.5,0.0,0.0,12.0,1.0,2.0,1.7000000000000002
1249,Between 6 and 12 months,40,5,3,4,50,5.0,8.0,7.0,0.0,8.0,9.0,7.0,2.0
1250,Between 1 and 5 years,60,4,4,4,60,2.0,8.0,5.0,2.0,8.0,3.0,3.0,0.0
1251,Between 1 and 5 years,100,4,5,5,100,0.5,5.0,1.0,0.0,8.0,2.0,1.0,3.5
1252,Between 1 and 5 years,20,2,2,2,60,2.0,5.0,7.0,1.0,8.0,3.0,1.0,0.8
1253,More than 5 years,5,2,4,2,30,1.0,8.0,2.0,0.0,8.0,3.0,2.0,0.05
1255,Between 1 and 5 years,50,2,1,3,90,2.0,5.0,8.0,1.0,5.0,8.0,2.0,0.5
1256,Between 1 and 5 years,50,3,4,4,60,2.0,7.0,5.0,0.5,7.5,6.0,2.0,1.0
1257,More than 5 years,60,4,5,1,70,8.0,8.0,4.0,8.0,5.0,6.0,2.0,-1.7999999999999998
1258,More than 5 years,10,4,4,4,20,3.0,8.0,3.0,0.5,9.0,3.5,4.0,0.35000000000000003
1259,More than 5 years,80,5,2,3,60,1.0,7.5,2.0,0.0,7.5,4.0,1.0,0.8
1260,More than 5 years,80,5,4,5,70,2.0,8.0,4.0,0.5,9.0,4.5,2.0,2.0
1263,Between 6 and 12 months,40,4,5,3,60,5.0,5.0,5.0,3.0,5.0,8.0,8.0,0.8
1264,More than 5 years,60,4,4,5,80,1.0,3.0,5.0,1.0,4.0,4.0,1.0,0.6
1266,Between 1 and 5 years,20,2,3,4,100,1.0,8.0,3.0,1.0,8.0,8.0,3.0,0.0
1268,Between 6 and 12 months,10,2,4,3,70,2.0,8.0,12.0,5.0,5.0,5.0,9.0,-0.6000000000000001
1269,More than 5 years,100,4,4,4,100,2.0,8.0,12.0,8.0,8.0,4.0,4.0,-6.0
1270,More than 5 years,5,3,5,5,50,4.0,8.0,10.0,2.0,8.0,12.0,2.0,0.1
1271,Between 1 and 5 years,40,3,3,4,80,0.2,8.0,3.0,0.05,10.0,3.0,0.45,0.86
1272,Between 1 and 5 years,5,3,3,2,10,2.0,8.0,10.0,0.5,9.0,10.0,4.5,0.125
1273,Between 6 and 12 months,30,3,4,2,30,2.0,2.0,5.0,6.0,5.0,8.0,5.0,-0.3
1274,More than 5 years,5,4,5,5,60,1.5,11.5,10.0,0.5,12.5,10.0,1.0,0.1
1279,More than 5 years,30,5,5,5,50,1.0,7.0,4.0,7.0,0.0,3.0,4.0,-3.9
1280,Between 1 and 5 years,40,3,5,5,60,2.0,7.0,0.0,0.0,7.0,1.0,1.0,0.8
1281,More than 5 years,50,4,5,5,60,2.0,4.0,4.0,2.5,5.0,4.0,5.0,0.25
1282,More than 5 years,100,4,5,4,70,0.5,8.0,4.0,0.0,8.0,5.0,3.0,0.5
1283,Between 1 and 5 years,30,3,4,3,40,2.0,6.0,4.0,1.0,6.0,5.0,3.0,0.3
1284,More than 5 years,60,2,2,2,20,1.0,2.0,4.0,1.0,3.0,4.0,4.0,0.6
1285,Between 6 and 12 months,100,4,3,3,40,2.5,7.5,3.0,0.5,7.0,3.0,2.0,1.5
1286,Between 1 and 5 years,90,4,5,5,90,0.5,8.5,5.0,0.5,9.0,6.0,1.0,0.45
1287,Between 1 and 5 years,10,2,4,2,10,4.0,6.0,3.0,1.0,7.0,4.0,2.0,0.4
1288,More than 5 years,10,1,3,3,30,1.0,9.0,4.0,0.0,12.0,3.0,2.0,0.4
1289,Between 1 and 5 years,10,3,2,2,30,5.0,5.0,5.0,5.0,5.0,5.0,5.0,0.0
1290,Between 1 and 5 years,20,4,4,4,20,2.0,8.0,5.0,1.0,6.0,4.0,1.0,-0.2
1291,More than 5 years,40,3,5,3,5,0.5,7.0,0.0,0.0,8.0,0.0,0.5,0.6000000000000001
1294,More than 5 years,100,5,5,5,100,2.0,8.0,1.0,0.0,8.0,1.0,1.0,2.0
1295,Between 6 and 12 months,40,4,3,4,40,3.5,8.5,4.0,0.5,8.5,5.0,4.0,1.2000000000000002
1296,More than 5 years,10,3,3,3,30,3.0,6.0,2.0,3.0,8.0,8.0,5.0,0.2
1297,Between 1 and 5 years,50,4,5,4,60,2.0,6.0,3.0,0.0,9.0,5.0,0.0,2.5
1298,More than 5 years,5,1,5,5,80,2.0,7.5,5.0,0.5,7.5,5.0,1.0,0.07500000000000001
1299,More than 5 years,100,4,4,3,90,2.0,10.0,6.0,1.0,11.0,5.0,7.0,2.0
1301,More than 5 years,40,1,1,1,50,0.15,8.0,8.0,0.15,8.0,7.0,1.0,0.0
1302,Between 1 and 5 years,30,4,4,3,40,1.0,8.0,0.0,3.0,4.0,1.0,2.0,-1.7999999999999998
1305,More than 5 years,20,3,4,4,20,1.0,10.0,12.0,0.0,9.0,10.0,1.0,0.0
1306,Between 6 and 12 months,30,4,4,5,40,3.0,6.0,10.0,2.0,7.0,9.0,6.0,0.6
1307,More than 5 years,100,3,1,4,50,2.5,4.0,4.0,0.0,4.0,6.0,5.0,2.5
1308,Between 1 and 5 years,30,4,4,4,70,1.0,7.0,6.0,0.0,6.0,7.0,5.0,0.0
1309,More than 5 years,10,3,4,4,20,2.0,8.0,6.0,0.0,9.5,6.0,3.0,0.35000000000000003
1310,More than 5 years,100,5,5,5,100,0.0,7.0,2.0,0.0,7.0,2.0,3.0,0.0
1311,More than 5 years,10,4,4,4,20,2.0,7.0,2.0,0.5,7.0,3.5,2.0,0.15000000000000002
1313,More than 5 years,60,4,5,4,90,0.25,6.0,4.0,0.0,9.0,2.0,2.0,1.95
1315,More than 5 years,10,1,4,3,40,2.0,9.0,3.0,0.0,10.0,3.0,4.0,0.30000000000000004
1316,Between 6 and 12 months,80,5,5,4,50,2.0,1.0,1.0,2.0,2.0,1.0,1.0,0.8
1317,More than 5 years,20,5,5,3,50,3.0,8.0,2.0,1.0,8.0,3.0,4.0,0.4
1319,Between 6 and 12 months,100,5,5,5,80,1.5,8.0,3.0,0.5,9.0,3.0,2.0,2.0
1320,Between 1 and 5 years,20,5,5,5,40,1.0,6.0,3.0,0.5,6.0,4.0,3.0,0.1
1321,Between 1 and 5 years,20,4,4,4,80,2.0,8.0,4.0,0.5,6.0,8.0,8.0,-0.1
1322,Between 1 and 5 years,20,3,3,2,5,2.0,6.0,2.0,2.0,6.0,2.0,1.0,0.0
1324,More than 5 years,50,4,3,3,50,1.0,7.0,10.0,1.0,7.0,10.0,6.0,0.0
1325,Between 1 and 5 years,100,4,3,4,100,2.0,4.0,4.0,0.0,4.0,4.0,4.0,2.0
1327,Between 6 and 12 months,60,5,4,4,30,1.0,8.0,3.0,0.0,8.0,5.0,4.0,0.6
1329,Between 1 and 5 years,5,2,4,4,50,2.5,6.5,13.0,0.0,7.5,14.5,2.0,0.17500000000000002
1332,More than 5 years,5,5,4,4,60,3.5,8.0,4.0,0.0,9.0,6.0,1.0,0.225
1333,Between 6 and 12 months,40,2,3,4,60,1.0,8.0,1.0,0.0,7.0,4.0,4.0,0.0
1334,Between 1 and 5 years,40,4,3,5,30,1.0,9.0,1.0,0.0,10.0,1.0,1.0,0.8
1335,Between 1 and 5 years,20,3,5,5,100,5.0,8.0,2.0,0.0,10.0,4.0,3.0,1.4000000000000001
1336,More than 5 years,100,2,3,4,100,0.5,7.0,0.0,0.0,8.0,0.5,0.0,1.5
1339,Between 1 and 5 years,50,4,5,5,100,1.0,8.0,0.0,0.0,8.0,0.0,0.0,0.5
1340,Between 6 and 12 months,40,5,4,3,30,3.0,7.0,8.0,3.0,7.0,8.0,6.0,0.0
1344,Between 6 and 12 months,5,1,5,5,100,2.0,9.0,10.0,0.0,9.0,10.0,5.0,0.1
1345,Between 1 and 5 years,20,3,2,3,20,1.0,1.0,1.0,1.0,1.0,1.0,1.0,0.0
1347,Between 1 and 5 years,20,4,4,5,100,5.0,7.0,2.0,0.5,8.0,4.0,2.0,1.1
1348,More than 5 years,40,5,4,3,40,3.5,8.0,4.0,1.0,8.0,4.0,5.0,1.0
1349,More than 5 years,100,5,1,4,100,0.0,6.0,10.0,0.0,6.0,10.0,8.0,0.0
1350,Between 6 and 12 months,20,3,3,4,60,1.5,7.5,3.0,0.5,9.0,4.0,0.5,0.5
1351,Between 1 and 5 years,5,4,4,3,60,1.5,9.0,3.0,0.25,9.0,4.0,1.0,0.0625
1353,Between 6 and 12 months,40,5,5,5,40,3.0,8.0,8.0,3.0,8.0,6.0,7.0,0.0
1357,More than 5 years,50,4,4,4,80,0.5,4.0,2.0,0.5,4.0,2.0,2.0,0.0
1359,More than 5 years,60,4,5,4,40,2.0,6.0,5.0,3.0,6.0,8.0,6.0,-0.6
1360,Between 1 and 5 years,50,5,4,4,70,0.0,10.0,3.0,0.0,10.0,3.0,1.0,0.0
1361,Between 6 and 12 months,60,5,3,5,90,1.85,4.5,0.5,0.3,4.5,1.5,2.2,0.9299999999999999
1363,More than 5 years,20,2,4,4,60,1.5,8.0,2.0,0.5,7.0,1.0,1.0,0.0
1365,Between 6 and 12 months,40,4,4,3,50,1.0,1.0,1.0,2.0,1.0,2.0,1.0,-0.4
1367,Between 6 and 12 months,50,4,4,4,40,1.0,0.5,1.0,1.0,0.5,1.0,0.5,0.0
1371,Between 6 and 12 months,60,4,3,4,80,2.0,9.0,1.0,0.0,9.0,3.0,3.0,1.2
