Response ID,How long have you been in your current job?,"Thinking about your current job, how much of your time did you spend remote working last year?","Thinking about remote working last year, how strongly do you agree or disagree with the following statements? - My organisation encouraged people to work remotely","Thinking about remote working last year, how strongly do you agree or disagree with the following statements? - I could easily collaborate with colleagues when working remotely","Thinking about remote working last year, how strongly do you agree or disagree with the following statements? - I would recommend remote working to others","Thinking about remote working in the last 3 months, how strongly do you agree or disagree with the following statements? - I could easily collaborate with colleagues when working remotely","Thinking about remote working in the last 3 months, how strongly do you agree or disagree with the following statements? - I would recommend remote working to others","Imagine that COVID-19 is cured or eradicated. Going forward, how much of your time would you prefer to work remotely?","On a day when you attend your employer's workplace, how many hours would you spend doing the following activities? - Preparing for work and commuting","On a day when you attend your employer's workplace, how many hours would you spend doing the following activities? - Working","On a day when you attend your employer's workplace, how many hours would you spend doing the following activities? - Personal and family time","On a day when you do remote work, how many hours would you spend doing the following activities? - Preparing for work and commuting","On a day when you do remote work, how many hours would you spend doing the following activities? - Working","On a day when you do remote work, how many hours would you spend doing the following activities? - Personal and family time","On a day when you do remote work, how many hours would you spend doing the following activities? - Caring and domestic responsibilities"
2,More than 5 years,20,4,4,4,4,4,20.0,2.0,7.0,3.0,0.0,7.0,3.0,3.0
3,More than 5 years,60,4,3,3,4,3,60.0,6.0,1.0,6.0,5.0,2.0,7.0,7.0
4,Between 1 and 5 years,20,1,4,4,5,5,100.0,1.0,9.0,1.0,0.0,9.0,3.0,2.0
5,More than 5 years,5,1,5,4,4,5,60.0,1.0,8.0,13.0,0.0,6.0,15.0,3.0
6,Between 1 and 5 years,5,4,5,5,5,5,50.0,1.0,8.0,2.0,0.0,7.0,3.0,3.0
8,Between 6 and 12 months,80,5,4,4,5,4,80.0,1.0,8.0,4.0,0.4,6.0,4.0,6.0
9,More than 5 years,60,5,4,4,4,4,20.0,0.0,8.0,12.0,0.0,8.0,13.0,1.0
13,Between 6 and 12 months,100,4,4,4,5,5,50.0,2.0,8.0,1.0,0.0,9.0,2.0,1.0
14,Between 1 and 5 years,40,3,4,4,4,4,80.0,1.0,12.0,4.0,0.0,13.0,5.0,1.0
15,More than 5 years,40,3,4,4,4,4,50.0,1.0,5.0,3.0,0.5,5.0,4.0,2.0
18,Between 1 and 5 years,5,5,2,1,2,2,40.0,3.0,10.0,2.0,1.0,12.0,2.0,2.0
19,Between 6 and 12 months,50,5,5,5,5,5,50.0,0.5,4.0,8.0,0.0,5.0,8.0,0.5
20,More than 5 years,40,1,4,4,4,4,40.0,2.0,8.0,1.0,0.5,8.0,1.5,3.0
21,More than 5 years,20,4,4,4,4,4,90.0,3.0,8.0,2.0,0.5,8.0,4.0,3.0
23,Between 1 and 5 years,80,3,3,5,3,5,50.0,1.5,7.5,4.0,1.0,7.5,2.0,2.0
24,More than 5 years,30,3,3,4,4,4,50.0,2.0,8.0,10.0,0.0,8.0,12.0,4.0
25,More than 5 years,10,3,3,5,4,5,70.0,3.0,10.0,3.0,1.0,11.0,5.0,2.0
26,More than 5 years,5,1,1,4,1,3,5.0,2.0,10.0,10.0,0.0,10.0,10.0,4.0
27,More than 5 years,5,2,2,3,4,4,40.0,2.0,6.0,0.5,0.0,8.0,1.0,0.0
29,Between 1 and 5 years,40,3,4,3,3,3,30.0,1.0,8.0,5.0,1.0,8.0,6.0,6.0
30,More than 5 years,50,5,4,5,5,5,60.0,2.0,8.0,4.0,0.0,8.0,5.0,1.0
31,More than 5 years,10,5,4,5,4,5,60.0,1.0,8.5,3.0,0.0,9.5,4.0,3.0
32,More than 5 years,50,5,5,5,5,5,80.0,4.0,8.5,3.5,0.0,9.5,3.5,1.0
33,Between 6 and 12 months,90,5,2,2,1,2,30.0,2.0,8.0,8.0,1.0,10.0,5.0,8.0
34,Between 6 and 12 months,20,1,4,3,4,4,50.0,1.0,6.0,2.0,1.0,8.0,2.0,1.0
35,More than 5 years,5,5,4,4,4,4,60.0,0.5,8.0,3.0,0.0,8.0,4.0,4.0
37,More than 5 years,40,4,5,4,5,4,50.0,1.0,10.0,2.0,0.0,12.0,2.0,3.0
39,Between 6 and 12 months,60,4,4,4,4,4,40.0,3.0,8.0,4.0,1.0,9.0,5.0,1.0
40,More than 5 years,20,4,4,4,5,5,50.0,1.0,8.0,4.0,0.2,9.0,4.0,2.0
42,Between 6 and 12 months,60,5,4,4,4,4,50.0,2.0,8.5,4.0,0.5,9.0,5.0,2.0
43,Between 6 and 12 months,90,2,3,5,5,5,80.0,4.0,8.0,2.0,0.0,10.0,2.0,1.0
44,Between 1 and 5 years,10,2,2,5,2,5,40.0,2.0,7.0,11.0,0.0,8.0,12.0,4.0
45,More than 5 years,10,2,2,2,4,3,50.0,1.0,8.0,5.0,0.5,8.0,8.0,2.0
46,More than 5 years,30,3,4,4,5,4,30.0,1.0,8.0,4.0,0.5,6.0,6.0,2.0
49,More than 5 years,5,2,3,4,4,3,40.0,2.5,8.5,3.0,0.5,9.0,4.0,2.0
51,More than 5 years,30,4,3,4,4,4,70.0,2.0,8.0,11.0,0.0,12.0,7.0,3.0
52,More than 5 years,30,3,4,4,2,5,60.0,0.1,6.0,6.0,0.0,7.0,6.0,3.0
53,Between 1 and 5 years,10,2,5,4,5,5,20.0,2.0,8.0,1.0,0.5,10.0,2.0,1.0
54,More than 5 years,50,2,3,3,3,3,50.0,0.5,3.0,17.5,0.0,2.0,18.0,4.0
55,More than 5 years,10,4,2,3,1,2,60.0,1.5,10.0,11.0,0.0,10.0,10.0,4.0
57,More than 5 years,30,4,4,3,4,3,50.0,1.0,8.0,3.0,0.0,8.0,3.0,3.0
59,Between 1 and 5 years,5,4,2,3,1,1,50.0,1.5,6.0,5.0,0.5,6.0,7.0,3.0
60,More than 5 years,70,5,5,5,5,5,100.0,1.0,8.0,4.0,0.0,9.0,4.0,5.0
61,More than 5 years,5,2,2,2,4,4,90.0,3.0,9.0,2.0,0.5,10.0,3.0,2.0
63,Between 1 and 5 years,10,3,2,3,4,4,50.0,2.5,9.0,3.0,1.0,9.0,3.0,2.0
64,More than 5 years,100,5,4,4,4,4,20.0,1.0,3.0,18.0,1.0,6.0,15.0,2.0
65,More than 5 years,5,1,4,2,3,5,30.0,3.0,9.0,2.0,1.0,10.0,2.0,1.5
67,More than 5 years,70,5,4,4,4,4,70.0,2.0,8.0,10.0,0.0,8.0,10.0,6.0
68,More than 5 years,60,3,4,2,3,2,50.0,1.0,9.0,4.0,0.5,6.0,6.0,4.0
71,More than 5 years,100,5,5,4,5,4,80.0,0.5,8.0,2.0,0.0,9.0,2.0,2.0
72,Between 1 and 5 years,30,1,2,4,4,4,50.0,3.0,7.5,5.5,0.0,8.0,8.0,2.0
73,More than 5 years,60,5,5,5,5,5,90.0,3.0,8.0,3.0,1.0,9.0,4.0,2.0
74,More than 5 years,10,2,4,4,5,5,50.0,2.5,8.0,2.0,0.5,9.0,3.0,5.0
75,More than 5 years,90,2,4,4,5,5,60.0,3.0,8.0,1.0,0.0,6.0,6.0,4.0
76,More than 5 years,50,3,4,4,5,5,80.0,1.5,7.5,5.0,0.0,7.5,7.0,0.5
77,Between 1 and 5 years,40,3,3,4,3,4,40.0,3.0,6.0,4.0,2.0,7.0,3.0,1.0
78,More than 5 years,30,4,4,4,4,4,90.0,3.0,2.0,1.0,0.0,5.0,1.0,1.0
79,More than 5 years,5,3,4,2,5,4,50.0,3.0,7.0,1.0,0.5,7.0,3.0,4.0
80,More than 5 years,30,5,5,5,5,5,90.0,1.0,10.0,1.0,0.0,11.0,2.0,1.0
81,More than 5 years,30,1,5,4,5,3,40.0,3.0,6.0,5.0,0.5,5.0,8.0,4.0
82,More than 5 years,50,3,4,2,3,2,100.0,2.5,10.0,2.0,0.5,2.5,2.0,3.0
83,Between 1 and 5 years,5,2,2,3,3,4,60.0,1.0,7.0,15.0,0.5,7.0,15.5,1.0
84,More than 5 years,5,3,3,4,4,4,70.0,3.5,7.6,2.0,0.0,7.6,4.5,4.0
85,Between 1 and 5 years,20,2,5,4,5,5,70.0,6.0,7.0,2.0,1.0,8.0,4.0,4.0
86,Between 6 and 12 months,30,3,2,1,1,1,30.0,1.0,10.0,4.0,0.0,10.0,5.0,2.0
87,Between 1 and 5 years,5,1,2,2,2,2,100.0,0.2,14.0,3.0,0.0,12.0,3.0,2.0
89,More than 5 years,30,4,4,5,5,5,80.0,2.5,7.0,3.0,0.5,8.0,4.0,2.0
90,More than 5 years,30,3,4,4,4,4,60.0,1.0,1.0,2.0,0.0,6.0,3.0,3.0
91,More than 5 years,100,4,4,4,4,4,100.0,1.0,1.0,1.0,1.0,1.0,1.0,1.0
92,More than 5 years,5,4,4,3,4,3,50.0,3.0,8.0,2.0,0.0,9.0,4.0,3.0
93,Between 1 and 5 years,10,1,4,3,4,3,20.0,1.5,8.0,4.0,0.5,8.0,4.0,1.0
96,Between 1 and 5 years,50,4,5,5,5,5,50.0,2.5,8.0,4.0,0.0,8.0,8.0,2.0
97,Between 6 and 12 months,100,5,5,5,5,5,100.0,1.0,8.0,4.0,0.0,10.0,2.0,1.0
99,More than 5 years,5,1,4,3,4,3,10.0,1.5,9.0,5.0,0.0,9.0,5.0,2.0
100,More than 5 years,5,4,4,4,4,4,90.0,2.0,8.0,4.0,0.5,8.0,4.0,0.0
102,More than 5 years,60,5,5,5,5,5,100.0,1.0,8.0,4.0,0.0,6.0,6.0,2.0
103,More than 5 years,10,4,5,5,5,5,80.0,1.0,5.0,18.0,2.0,8.0,14.0,0.0
104,More than 5 years,90,3,5,3,5,5,80.0,2.0,7.0,4.0,0.0,7.0,5.5,1.5
105,More than 5 years,5,2,4,3,5,3,20.0,2.0,6.0,1.0,0.5,7.0,2.0,2.0
106,More than 5 years,70,5,5,4,5,4,40.0,1.0,8.0,4.0,0.0,9.0,4.0,3.0
107,More than 5 years,60,3,4,4,5,4,70.0,3.0,9.0,3.0,0.5,9.0,4.0,3.0
108,More than 5 years,80,3,4,3,4,4,50.0,5.0,8.0,2.0,1.0,8.0,4.0,3.0
109,Between 6 and 12 months,5,1,3,4,4,4,70.0,1.0,6.0,3.0,0.5,8.0,3.0,3.0
112,Between 6 and 12 months,20,4,4,4,4,4,40.0,0.75,8.0,4.0,0.0,9.0,5.0,1.0
113,More than 5 years,20,4,4,4,4,4,40.0,1.5,9.0,3.0,0.5,9.0,3.0,4.0
114,Between 1 and 5 years,10,1,3,5,5,5,50.0,1.0,8.0,3.0,0.0,9.0,3.0,2.0
115,More than 5 years,50,4,5,5,5,5,100.0,3.0,9.0,3.0,0.5,9.0,3.0,2.0
116,Between 1 and 5 years,60,4,5,5,5,2,60.0,3.0,8.0,2.0,1.0,8.0,4.0,1.0
118,More than 5 years,10,2,4,3,4,3,40.0,2.0,7.0,4.0,0.5,7.0,6.0,1.0
119,More than 5 years,20,5,5,4,5,3,40.0,0.1,8.0,8.0,0.1,8.0,8.0,7.9
120,More than 5 years,50,5,4,5,5,5,90.0,2.0,6.0,6.0,0.0,9.0,6.0,2.0
121,More than 5 years,10,3,3,4,4,4,90.0,2.0,8.0,4.0,1.0,8.0,4.0,1.0
122,More than 5 years,5,3,3,4,4,5,20.0,0.5,7.5,4.0,0.5,8.0,3.0,2.5
123,More than 5 years,5,1,4,3,4,3,50.0,2.0,8.5,3.0,0.5,10.0,3.0,1.5
124,More than 5 years,30,4,4,4,4,4,30.0,1.0,10.0,3.0,1.0,10.0,4.0,2.0
126,Between 1 and 5 years,60,4,5,4,5,5,70.0,2.0,8.0,3.0,0.5,8.0,4.0,3.0
127,More than 5 years,5,5,5,5,5,5,5.0,0.2,3.0,4.0,0.2,3.0,5.0,5.0
128,Between 1 and 5 years,5,3,3,3,5,5,50.0,3.0,9.0,2.0,0.0,9.0,2.0,3.0
129,More than 5 years,50,4,4,5,5,5,90.0,2.0,8.0,3.0,0.0,8.0,5.0,4.0
130,Between 1 and 5 years,90,5,5,5,5,5,80.0,1.5,4.0,2.0,0.2,4.0,4.0,5.0
131,Between 1 and 5 years,90,5,4,4,4,4,50.0,2.0,7.0,13.0,0.5,8.0,12.5,3.0
132,More than 5 years,30,4,5,4,5,5,50.0,1.0,7.5,3.0,1.0,7.5,5.0,3.0
133,More than 5 years,5,1,4,4,5,5,40.0,4.0,8.0,2.0,0.5,9.0,2.0,5.0
134,Between 1 and 5 years,30,3,4,4,4,4,40.0,1.0,8.0,2.0,0.0,8.0,2.0,1.0
135,More than 5 years,10,2,4,5,4,5,50.0,2.0,8.0,4.0,0.5,8.0,8.0,4.0
136,More than 5 years,10,3,4,4,4,4,60.0,1.0,8.0,1.0,0.0,9.0,1.0,1.0
138,More than 5 years,5,3,4,3,4,3,20.0,1.0,8.0,2.0,0.0,8.0,3.0,2.0
141,Between 1 and 5 years,20,4,5,5,5,5,80.0,3.0,8.0,4.0,0.5,9.0,5.5,1.0
142,More than 5 years,100,3,5,3,5,5,100.0,1.0,8.0,2.0,0.0,8.0,8.0,3.0
143,Between 1 and 5 years,5,3,4,4,5,4,30.0,1.5,5.5,3.5,0.05,6.0,3.5,5.5
144,Between 1 and 5 years,20,3,4,4,5,5,100.0,2.0,8.0,3.0,0.2,8.0,5.0,3.0
145,Between 1 and 5 years,5,3,5,4,4,4,20.0,0.75,4.5,2.5,0.5,6.0,2.0,1.5
146,Between 1 and 5 years,100,1,4,5,5,5,100.0,2.0,6.0,0.5,0.0,8.0,2.0,1.0
147,More than 5 years,100,2,3,1,5,2,50.0,1.0,2.0,2.0,1.0,1.0,1.0,1.0
148,More than 5 years,50,1,2,2,4,4,50.0,2.0,8.0,4.0,2.0,8.0,4.0,2.0
151,More than 5 years,40,5,5,5,5,5,50.0,3.0,7.0,2.0,0.0,8.0,4.0,4.0
152,Between 1 and 5 years,80,3,4,5,5,5,100.0,1.0,8.0,6.0,0.0,14.0,2.0,2.0
155,Between 1 and 5 years,10,1,4,4,4,5,40.0,3.0,8.0,2.0,1.0,8.0,2.0,3.0
156,Between 1 and 5 years,30,3,4,4,3,4,30.0,2.5,5.0,4.0,0.5,7.0,8.0,3.0
159,Between 1 and 5 years,50,5,3,3,3,4,50.0,1.0,7.0,5.0,1.0,3.0,6.0,1.0
160,Between 1 and 5 years,50,3,3,4,3,3,50.0,2.0,7.0,4.0,0.0,8.0,9.0,7.0
162,More than 5 years,20,4,4,4,4,4,20.0,1.0,8.0,2.0,1.0,8.0,2.0,2.0
163,Between 1 and 5 years,40,4,5,5,5,5,100.0,1.0,8.0,1.0,0.0,8.0,2.0,3.0
164,Between 1 and 5 years,5,3,3,3,3,3,100.0,5.0,5.0,5.0,5.0,5.0,5.0,5.0
165,Between 1 and 5 years,50,4,4,4,5,5,50.0,2.0,8.0,3.0,1.0,7.0,3.0,1.0
166,More than 5 years,10,2,4,4,4,5,50.0,1.0,6.0,3.0,0.0,7.0,4.0,4.0
168,More than 5 years,60,5,5,5,5,5,80.0,1.0,5.0,2.0,0.0,8.0,4.0,2.0
170,Between 1 and 5 years,20,2,3,4,5,5,80.0,3.5,8.0,4.0,0.0,9.0,5.0,0.0
171,Between 1 and 5 years,50,4,4,5,5,5,80.0,1.0,8.0,2.0,0.0,4.0,6.0,2.0
173,Between 1 and 5 years,10,2,4,5,4,5,50.0,1.0,9.0,2.0,0.0,8.0,3.0,2.0
174,Between 1 and 5 years,5,1,3,3,3,4,50.0,3.5,7.0,2.0,0.0,8.0,8.0,1.0
176,More than 5 years,5,3,4,5,4,5,100.0,0.5,6.0,0.0,0.0,3.0,0.0,0.0
177,Between 6 and 12 months,70,3,3,4,5,5,60.0,1.0,8.0,6.0,0.5,6.0,8.0,5.0
179,More than 5 years,50,5,5,4,5,5,100.0,3.0,8.0,8.0,3.0,8.0,8.0,5.0
180,More than 5 years,60,2,5,5,5,5,100.0,3.5,8.0,5.0,0.0,6.5,9.5,8.0
181,More than 5 years,10,3,3,3,3,4,50.0,0.5,4.0,4.0,0.5,2.0,6.0,4.0
183,Between 1 and 5 years,100,5,5,5,5,5,100.0,2.0,8.0,7.0,2.0,9.0,7.0,6.0
186,Between 1 and 5 years,60,3,4,5,4,5,100.0,2.0,8.0,2.0,2.0,7.0,2.0,2.0
190,Between 1 and 5 years,30,5,5,5,4,5,70.0,1.0,6.0,0.0,0.5,7.0,1.0,0.0
193,More than 5 years,50,5,5,5,5,5,50.0,1.0,2.0,5.0,0.5,4.0,5.0,1.0
194,Between 1 and 5 years,5,1,5,5,5,5,100.0,2.5,8.5,10.0,0.0,9.0,10.0,5.0
198,Between 1 and 5 years,80,4,4,4,4,4,60.0,0.2,8.0,0.5,0.0,8.0,0.0,1.0
200,Between 1 and 5 years,60,3,3,4,3,4,20.0,3.5,1.5,5.0,1.5,3.5,4.0,1.0
203,Between 1 and 5 years,20,4,5,5,5,5,50.0,1.0,6.0,0.5,0.0,5.0,2.0,0.5
205,Between 1 and 5 years,40,4,5,5,5,5,60.0,0.5,6.0,1.0,0.0,5.0,2.0,2.0
206,More than 5 years,70,1,4,1,4,4,100.0,1.5,9.0,2.0,0.5,9.5,2.5,2.5
207,More than 5 years,30,5,4,4,5,5,20.0,1.0,9.0,4.0,0.0,9.0,5.0,2.0
210,Between 1 and 5 years,100,5,4,5,5,5,100.0,2.0,8.0,5.0,0.0,8.0,10.0,0.0
211,Between 1 and 5 years,20,3,4,4,4,4,50.0,2.0,7.0,2.0,0.5,8.0,3.0,2.0
212,Between 1 and 5 years,30,2,5,5,5,3,50.0,2.0,6.0,1.0,0.0,8.0,2.0,1.0
213,More than 5 years,10,4,3,4,4,5,100.0,2.0,8.0,8.0,0.0,10.0,10.0,4.0
216,Between 1 and 5 years,20,4,4,4,4,4,20.0,1.0,5.0,3.0,0.2,5.0,5.0,2.0
217,Between 1 and 5 years,30,3,3,3,3,3,20.0,1.0,8.0,4.0,0.0,7.0,6.0,3.0
218,Between 1 and 5 years,20,3,3,4,3,5,60.0,2.0,7.0,3.5,0.5,7.0,3.5,4.0
219,More than 5 years,5,1,4,4,4,4,50.0,3.0,8.0,1.0,0.0,8.0,1.0,1.0
220,More than 5 years,20,2,3,4,4,5,100.0,1.0,7.5,11.0,0.5,7.0,12.0,4.5
223,Between 1 and 5 years,50,4,5,5,5,5,100.0,4.0,7.0,3.0,0.0,8.0,6.0,1.0
224,Between 1 and 5 years,10,4,4,3,4,4,20.0,2.0,3.0,6.0,2.0,4.0,6.0,2.0
225,Between 1 and 5 years,30,2,3,3,2,3,5.0,2.0,8.0,6.0,0.5,8.0,6.0,9.5
227,Between 1 and 5 years,5,3,4,4,5,4,20.0,1.0,9.0,12.0,0.0,8.0,12.0,2.0
228,Between 1 and 5 years,20,1,3,4,4,4,70.0,2.0,9.0,3.0,0.5,10.0,4.0,4.0
229,Between 6 and 12 months,20,5,4,4,3,4,40.0,4.0,4.0,4.0,6.0,6.0,3.0,3.0
232,Between 1 and 5 years,5,1,1,2,2,4,50.0,1.5,7.0,0.5,0.25,7.0,0.25,0.0
233,More than 5 years,5,3,3,5,4,4,5.0,2.0,5.0,6.0,1.0,5.0,7.0,3.0
236,Between 6 and 12 months,20,4,2,2,2,2,30.0,1.0,2.0,1.0,2.0,2.0,2.0,2.0
237,More than 5 years,50,4,4,4,4,4,90.0,1.0,8.0,12.0,0.0,8.0,13.0,3.0
238,More than 5 years,20,4,4,3,3,3,10.0,1.0,8.0,3.0,1.0,7.0,3.0,1.0
239,Between 1 and 5 years,90,4,4,4,4,5,90.0,3.0,10.0,2.0,0.5,10.0,2.0,6.0
240,More than 5 years,30,4,4,4,4,4,50.0,1.0,8.0,9.0,0.5,8.0,9.5,6.0
241,Between 1 and 5 years,5,3,3,3,3,4,60.0,2.0,7.0,3.0,1.0,8.0,4.0,4.0
243,Between 1 and 5 years,100,3,4,5,4,5,100.0,2.0,4.0,4.0,0.0,4.0,4.0,4.0
244,More than 5 years,100,4,4,3,4,3,60.0,2.0,10.0,2.0,2.0,12.0,8.0,2.0
246,More than 5 years,20,3,4,4,5,5,80.0,2.0,7.0,5.0,1.0,7.0,6.0,2.0
250,More than 5 years,30,4,5,4,5,5,60.0,2.0,8.0,5.0,0.0,8.0,6.0,2.0
251,Between 1 and 5 years,10,2,4,4,4,4,70.0,0.5,9.0,10.0,0.0,11.0,9.0,4.0
252,More than 5 years,5,4,3,4,3,4,60.0,2.0,8.0,6.0,2.0,9.0,6.0,7.0
254,Between 6 and 12 months,20,3,3,2,4,4,30.0,1.0,7.0,2.0,1.0,6.0,2.0,1.0
255,Between 1 and 5 years,5,5,2,3,3,3,50.0,0.5,7.5,11.0,0.0,7.0,12.0,5.0
256,Between 1 and 5 years,20,3,3,3,3,3,10.0,1.0,5.0,10.0,1.0,5.0,1.0,1.0
258,Between 1 and 5 years,50,3,4,5,4,5,80.0,2.5,8.5,3.0,0.0,7.0,5.0,2.0
261,More than 5 years,10,4,3,5,3,5,50.0,1.0,7.0,9.0,0.0,10.0,6.0,2.0
262,Between 6 and 12 months,40,3,3,3,3,3,40.0,1.0,5.0,2.0,2.0,7.0,2.0,9.0
263,Between 1 and 5 years,70,5,5,5,5,5,50.0,3.0,8.0,10.0,0.0,9.0,12.0,3.0
264,Between 1 and 5 years,100,4,3,4,3,4,90.0,2.0,7.0,5.0,0.0,7.0,7.0,3.0
265,Between 6 and 12 months,5,2,4,5,5,5,90.0,3.0,7.0,2.0,0.5,8.0,2.0,1.5
267,Between 1 and 5 years,40,4,4,3,4,4,40.0,0.5,7.0,2.0,0.0,7.5,4.0,2.0
270,Between 1 and 5 years,20,3,4,2,4,4,40.0,2.0,9.0,4.0,0.0,12.0,4.0,1.0
272,Between 1 and 5 years,70,2,4,5,5,5,70.0,1.0,8.0,6.0,0.0,9.0,5.0,2.0
273,More than 5 years,5,2,1,1,2,1,20.0,2.0,8.0,2.0,1.0,8.5,2.0,2.0
274,More than 5 years,80,3,4,5,5,5,90.0,4.5,7.5,2.0,0.0,8.0,5.0,1.0
275,Between 1 and 5 years,80,3,5,4,5,5,90.0,3.0,5.0,4.0,0.0,10.0,3.0,4.0
276,More than 5 years,10,3,4,4,4,5,10.0,0.5,7.5,0.75,0.0,8.0,3.0,2.0
277,Between 1 and 5 years,100,2,4,4,4,4,70.0,1.0,7.0,1.0,0.0,8.0,2.0,1.0
278,Between 1 and 5 years,5,1,4,5,4,5,80.0,3.0,7.5,1.0,0.0,7.5,2.0,2.0
280,Between 1 and 5 years,90,5,5,5,5,5,100.0,1.0,5.0,5.0,0.0,8.0,5.0,4.0
282,Between 1 and 5 years,70,3,2,4,4,4,50.0,1.0,8.0,0.25,0.5,8.0,0.25,0.0
286,More than 5 years,40,5,4,5,5,5,40.0,1.5,8.0,4.5,0.5,9.0,4.5,2.0
287,More than 5 years,5,1,4,2,3,3,5.0,2.0,9.0,4.0,0.0,11.0,4.0,1.0
288,More than 5 years,5,3,1,1,1,1,100.0,1.0,8.0,4.0,0.0,8.0,6.0,2.0
289,Between 6 and 12 months,70,4,2,5,4,1,60.0,5.0,4.0,2.0,2.0,2.0,2.0,2.0
290,More than 5 years,40,3,4,3,3,3,40.0,2.5,9.0,3.0,0.5,10.0,2.0,2.5
291,More than 5 years,10,2,4,4,5,5,80.0,1.0,9.0,3.0,0.0,10.0,4.0,4.0
296,More than 5 years,30,4,4,5,4,5,50.0,3.0,9.0,2.0,0.0,9.0,5.0,2.0
297,More than 5 years,10,1,3,4,3,4,70.0,3.0,9.0,0.0,0.5,10.0,0.0,1.0
298,More than 5 years,100,2,4,5,4,5,100.0,1.0,7.0,0.5,0.0,8.0,0.5,0.5
299,Between 1 and 5 years,50,4,3,4,3,4,50.0,1.5,6.5,3.0,0.0,7.0,4.0,4.0
301,More than 5 years,5,3,3,4,3,4,50.0,4.0,6.0,2.0,0.5,8.0,3.5,2.0
304,Between 1 and 5 years,100,5,4,4,4,4,100.0,0.0,8.0,8.0,0.0,8.0,8.0,2.0
305,More than 5 years,5,2,4,4,5,5,100.0,0.75,7.5,5.0,0.0,7.5,6.0,3.0
306,More than 5 years,5,3,4,2,5,3,40.0,2.0,8.0,3.0,1.0,8.0,4.0,3.0
307,More than 5 years,10,5,5,5,5,5,50.0,2.0,6.0,8.0,0.5,4.0,8.0,4.0
309,Between 1 and 5 years,5,4,4,4,4,4,40.0,1.25,8.5,1.5,0.0,8.5,2.0,2.0
310,Between 1 and 5 years,5,1,2,4,4,4,50.0,1.0,8.0,1.0,0.5,9.0,1.0,1.0
311,More than 5 years,20,4,4,4,5,4,20.0,1.0,6.0,0.5,0.2,6.0,1.0,1.0
312,More than 5 years,10,3,3,3,3,2,10.0,1.0,11.0,1.0,1.0,11.0,1.0,3.0
313,More than 5 years,90,5,5,5,5,5,90.0,0.5,8.0,8.0,0.5,10.0,6.0,4.0
316,More than 5 years,40,4,4,5,5,5,60.0,3.0,8.0,5.0,0.0,9.0,6.0,1.0
317,Between 1 and 5 years,10,4,3,4,3,4,50.0,1.5,10.0,2.0,0.5,10.0,4.0,3.0
318,Between 1 and 5 years,5,3,4,4,4,4,30.0,1.0,7.0,2.0,0.0,7.0,2.0,1.0
319,Between 1 and 5 years,50,2,5,5,5,5,100.0,2.5,7.5,2.0,0.5,8.0,3.0,1.0
320,More than 5 years,50,5,5,5,5,5,70.0,1.0,7.0,2.0,0.0,9.0,2.0,2.0
321,More than 5 years,40,3,4,4,4,4,80.0,3.0,6.0,12.0,0.0,8.0,10.0,6.0
323,More than 5 years,20,3,4,5,4,4,90.0,1.0,6.0,1.0,1.0,7.0,0.5,0.5
324,More than 5 years,30,3,4,4,4,4,50.0,2.0,8.0,4.0,0.5,8.0,5.0,2.5
325,More than 5 years,30,2,5,5,5,5,90.0,2.0,9.0,2.0,0.5,13.0,1.0,1.0
327,More than 5 years,100,5,5,5,5,5,100.0,0.5,3.0,2.0,0.0,3.0,2.0,5.0
328,More than 5 years,40,1,2,4,4,4,50.0,1.5,7.0,1.0,0.5,7.5,2.0,2.0
335,More than 5 years,20,3,3,4,3,3,50.0,1.5,9.0,1.0,0.0,9.0,1.0,1.0
337,More than 5 years,30,3,4,4,4,4,70.0,1.5,7.0,2.0,0.0,6.0,3.0,3.0
338,More than 5 years,10,2,3,3,5,4,20.0,1.0,7.0,4.0,0.1,7.0,5.0,2.0
339,Between 1 and 5 years,10,4,3,3,4,4,60.0,0.25,8.5,2.0,0.1,10.5,2.5,1.0
340,Between 1 and 5 years,50,3,3,3,3,3,60.0,1.0,8.0,0.0,1.0,4.0,3.0,2.0
341,More than 5 years,40,4,5,5,5,5,30.0,1.0,6.0,8.0,0.25,7.0,8.0,8.0
342,More than 5 years,90,5,5,5,4,4,90.0,1.0,8.0,14.0,0.0,2.0,20.0,2.0
343,More than 5 years,20,4,3,4,5,5,70.0,4.0,9.0,2.0,0.5,9.0,3.0,3.0
344,Between 6 and 12 months,10,2,4,3,2,2,70.0,2.0,8.0,4.0,0.0,8.0,5.0,3.0
345,More than 5 years,100,4,5,5,5,5,100.0,2.0,8.0,2.0,0.0,4.0,4.0,1.0
347,Between 1 and 5 years,20,3,4,3,5,3,70.0,2.0,7.0,3.0,3.0,8.0,5.0,8.0
348,More than 5 years,50,4,4,4,4,4,30.0,0.5,7.0,2.0,0.0,8.0,2.0,0.0
349,More than 5 years,20,4,4,4,4,4,70.0,2.0,8.0,4.0,0.0,9.0,4.0,3.0
350,More than 5 years,40,4,4,3,4,4,40.0,2.0,8.0,1.0,0.25,8.0,2.0,2.0
353,More than 5 years,10,3,3,3,3,3,10.0,1.0,3.0,13.0,1.0,5.0,15.0,3.0
356,More than 5 years,70,3,4,4,4,4,70.0,2.0,9.0,2.0,0.0,9.0,4.0,2.0
357,More than 5 years,40,4,3,3,3,3,70.0,0.5,8.0,4.0,2.0,6.0,1.0,0.0
358,More than 5 years,20,4,4,4,4,4,50.0,1.0,9.0,7.0,0.5,9.0,7.0,1.0
359,More than 5 years,20,3,3,3,3,3,20.0,1.0,10.0,10.0,0.0,12.0,10.0,2.0
360,More than 5 years,5,3,3,4,4,4,50.0,2.0,8.0,5.0,0.0,8.0,4.0,6.0
361,More than 5 years,50,2,5,5,5,5,100.0,4.0,8.0,3.0,0.5,8.0,4.5,3.0
362,More than 5 years,5,4,4,3,4,3,10.0,2.0,10.0,8.0,0.5,10.0,9.5,4.0
363,More than 5 years,20,3,4,5,5,5,60.0,3.0,10.0,2.0,0.5,10.0,6.0,2.0
364,Between 1 and 5 years,100,5,5,5,5,5,100.0,1.0,1.0,1.0,4.0,6.0,5.0,7.0
365,Between 1 and 5 years,20,4,5,3,5,5,20.0,1.5,7.0,3.0,0.0,4.0,4.0,4.0
366,More than 5 years,40,3,4,3,2,3,20.0,2.0,8.0,3.0,0.0,10.0,2.0,2.0
367,More than 5 years,20,4,5,4,5,5,40.0,1.5,9.0,3.0,0.0,8.0,4.0,2.0
368,More than 5 years,50,5,5,5,3,4,50.0,1.5,9.0,10.0,0.0,10.0,5.0,3.0
369,Between 1 and 5 years,50,4,5,3,5,4,50.0,2.0,11.0,8.0,0.0,14.0,5.0,5.0
370,More than 5 years,20,3,4,4,4,4,20.0,2.0,4.0,2.0,0.0,4.0,3.0,3.0
371,More than 5 years,60,3,4,4,4,4,60.0,3.5,8.5,3.0,0.5,9.5,4.0,2.0
372,Between 1 and 5 years,100,5,5,4,5,4,100.0,1.0,8.0,2.0,1.0,8.0,2.0,2.0
376,More than 5 years,50,3,3,2,4,3,20.0,0.5,6.0,1.0,0.5,5.0,1.0,1.0
377,Between 1 and 5 years,40,4,5,4,5,5,60.0,2.0,8.0,2.0,0.0,8.5,2.0,1.0
378,More than 5 years,50,4,4,4,4,4,50.0,1.0,7.0,2.0,0.25,8.0,3.0,0.0
379,More than 5 years,20,2,2,4,4,4,20.0,2.0,8.0,10.0,0.0,8.0,10.0,6.0
380,Between 1 and 5 years,30,4,3,4,4,4,50.0,2.0,10.0,1.0,0.0,10.0,4.0,2.0
381,More than 5 years,20,3,4,4,4,5,30.0,1.5,9.0,3.0,0.5,7.0,4.0,2.0
382,More than 5 years,5,1,4,5,5,5,70.0,4.5,7.5,2.0,0.0,7.5,4.0,2.0
383,More than 5 years,80,3,4,4,5,5,80.0,2.0,7.0,2.0,0.0,7.0,2.0,1.0
384,More than 5 years,10,5,3,3,5,5,50.0,1.5,9.0,10.0,0.0,10.0,10.0,4.0
385,More than 5 years,5,2,4,5,4,5,40.0,0.0,8.5,6.0,0.0,8.5,6.0,1.0
386,More than 5 years,100,5,2,4,2,4,50.0,2.0,9.0,3.0,0.0,10.0,4.0,1.0
390,More than 5 years,20,4,4,5,5,5,80.0,3.0,7.5,4.0,0.0,8.5,5.0,3.0
393,More than 5 years,70,4,5,4,4,3,80.0,3.0,8.0,4.0,0.5,8.0,6.0,2.0
394,Between 1 and 5 years,90,4,5,5,5,5,80.0,2.0,6.0,2.0,0.5,8.0,2.0,2.0
395,More than 5 years,10,4,4,5,4,5,40.0,2.0,8.0,0.5,0.0,8.0,3.0,1.0
396,Between 1 and 5 years,40,5,5,5,5,5,80.0,3.0,8.0,0.0,0.0,9.0,1.0,0.0
397,Between 1 and 5 years,20,3,4,4,5,5,60.0,3.0,8.0,3.0,0.0,9.0,4.0,2.0
400,More than 5 years,100,5,4,5,5,5,100.0,0.0,6.0,2.0,0.0,6.0,2.0,3.0
401,Between 6 and 12 months,50,4,4,3,4,3,50.0,5.0,4.0,3.0,4.0,4.0,4.0,12.0
402,Between 1 and 5 years,5,2,4,4,4,5,50.0,2.0,7.0,5.0,0.3,7.0,6.0,2.0
403,Between 1 and 5 years,40,4,4,4,4,4,70.0,0.5,8.0,4.0,0.5,8.0,2.0,1.5
405,More than 5 years,30,5,5,4,5,5,80.0,2.0,8.0,6.0,0.0,9.0,7.0,8.0
407,Between 6 and 12 months,90,1,1,1,4,4,50.0,1.0,7.5,2.5,0.0,7.5,3.0,2.0
408,Between 1 and 5 years,5,4,4,4,4,5,80.0,2.0,10.0,4.0,0.0,10.0,6.0,2.0
410,More than 5 years,5,3,4,4,4,4,50.0,1.0,6.0,1.0,0.5,8.0,2.0,8.0
412,More than 5 years,5,2,4,3,4,3,60.0,1.2,9.0,5.0,0.2,9.5,5.5,1.2
413,More than 5 years,5,1,3,3,4,3,40.0,2.5,7.5,4.5,0.5,7.5,6.0,0.5
415,More than 5 years,50,3,4,3,4,3,30.0,3.0,5.0,8.0,2.0,6.0,8.0,8.0
416,Between 1 and 5 years,20,3,4,4,4,4,80.0,1.5,5.0,7.0,0.0,7.0,5.0,2.0
417,More than 5 years,50,4,4,4,4,4,80.0,2.0,8.0,3.0,0.0,9.0,4.0,4.0
420,Between 1 and 5 years,20,2,4,4,5,5,50.0,1.0,9.0,0.0,0.25,12.0,0.0,0.0
421,More than 5 years,5,2,2,3,4,4,50.0,1.0,8.0,3.0,0.5,8.0,3.0,3.0
422,Between 1 and 5 years,30,2,5,3,5,5,50.0,2.5,8.0,2.0,0.25,8.0,2.0,4.0
423,More than 5 years,30,5,4,5,4,5,80.0,1.5,8.0,14.0,0.0,8.0,15.5,0.5
424,Between 1 and 5 years,5,1,4,4,4,5,40.0,3.0,7.5,3.0,1.0,7.0,5.0,1.0
425,More than 5 years,100,2,1,4,5,5,50.0,1.0,7.0,1.0,0.0,7.0,3.0,1.0
426,Between 1 and 5 years,5,1,4,4,4,4,40.0,3.0,8.0,5.0,1.0,8.0,6.0,1.0
427,Between 6 and 12 months,5,1,1,1,5,5,70.0,2.5,8.0,8.0,0.5,9.0,7.5,7.0
428,More than 5 years,40,3,2,2,3,3,100.0,1.0,8.0,3.0,0.0,6.0,5.0,1.0
430,More than 5 years,10,5,2,5,2,5,20.0,1.5,10.0,4.5,0.5,11.0,3.5,1.0
431,Between 6 and 12 months,100,4,4,4,3,4,100.0,1.0,8.0,5.0,0.0,8.0,6.0,2.0
432,More than 5 years,20,4,2,3,3,4,20.0,0.5,8.0,4.0,0.1,8.0,6.0,2.0
433,Between 1 and 5 years,20,3,4,4,3,4,50.0,0.25,9.5,4.0,0.0,9.0,5.0,2.0
438,Between 6 and 12 months,90,5,5,5,5,5,100.0,1.0,7.0,4.0,0.0,8.0,7.0,0.0
439,Between 6 and 12 months,100,5,5,5,5,5,100.0,1.5,9.0,5.0,2.0,10.0,4.0,5.0
440,Between 1 and 5 years,20,3,4,2,4,3,50.0,2.5,7.0,3.0,0.5,7.0,3.0,1.0
441,Between 6 and 12 months,80,5,4,4,4,5,50.0,1.0,9.0,4.0,0.0,9.0,5.0,0.0
442,Between 1 and 5 years,5,4,4,5,4,5,40.0,2.0,8.0,2.0,0.5,9.0,3.0,2.0
443,More than 5 years,100,4,5,4,5,4,100.0,4.0,7.0,0.5,0.0,8.0,0.5,0.5
444,More than 5 years,10,3,4,4,5,5,80.0,3.5,8.0,3.0,0.5,9.0,5.0,1.5
447,More than 5 years,50,1,3,3,4,3,70.0,2.0,9.0,3.5,0.5,9.0,4.5,2.5
448,Between 1 and 5 years,20,2,4,3,4,3,20.0,2.0,8.0,3.0,0.45,9.0,3.0,1.0
450,Between 1 and 5 years,50,5,5,5,5,5,80.0,2.0,6.0,4.0,1.0,8.0,2.0,4.0
451,More than 5 years,10,3,4,3,4,4,80.0,1.0,7.0,4.0,0.0,8.0,4.0,2.0
452,Between 1 and 5 years,20,1,3,4,4,4,30.0,1.5,10.0,4.0,0.5,10.0,5.0,2.0
453,More than 5 years,50,4,4,4,4,4,50.0,2.0,9.0,2.0,0.5,10.0,2.0,2.0
456,Between 6 and 12 months,40,3,3,4,3,2,80.0,0.2,7.0,2.0,1.0,8.0,5.0,1.0
459,Between 1 and 5 years,20,4,4,4,5,5,80.0,3.0,9.0,4.0,0.0,10.0,6.0,2.0
460,More than 5 years,50,2,5,4,5,4,50.0,4.0,7.5,4.0,0.5,8.0,6.0,3.0
463,More than 5 years,50,2,2,3,2,5,20.0,1.0,8.0,3.0,1.0,9.0,2.0,2.0
464,Between 6 and 12 months,5,4,4,4,4,4,5.0,0.5,9.0,2.0,0.0,10.0,1.0,1.0
465,More than 5 years,100,5,5,5,5,5,100.0,0.0,6.0,2.0,0.0,6.0,2.0,1.0
466,Between 1 and 5 years,20,5,4,4,4,5,40.0,1.0,8.5,5.0,0.0,10.0,5.0,1.0
467,More than 5 years,5,4,2,5,5,5,80.0,1.5,7.5,4.0,0.5,8.0,8.0,4.0
468,More than 5 years,5,2,4,3,5,4,20.0,1.5,9.0,0.5,0.5,11.0,1.0,4.0
469,More than 5 years,5,2,2,2,4,5,100.0,0.5,9.0,13.5,0.0,9.0,14.0,1.0
470,Between 1 and 5 years,50,5,4,5,4,5,40.0,1.5,8.0,3.0,0.5,8.0,4.0,1.0
472,Between 1 and 5 years,100,3,2,2,3,2,40.0,1.0,1.0,2.0,1.0,6.0,2.0,7.0
473,More than 5 years,30,5,5,4,5,5,60.0,1.0,11.0,3.0,0.0,11.0,3.5,1.0
475,Between 1 and 5 years,30,2,4,4,4,5,50.0,1.0,8.0,1.0,0.0,8.0,3.0,1.0
476,More than 5 years,30,2,5,4,4,4,50.0,3.0,9.0,3.0,0.5,8.0,5.0,3.0
477,More than 5 years,20,4,4,4,4,4,50.0,1.0,7.0,4.0,1.0,8.0,3.0,4.0
478,More than 5 years,10,1,4,5,4,5,70.0,3.0,7.0,3.0,0.5,8.0,4.5,4.0
481,More than 5 years,20,4,5,3,5,4,20.0,3.0,8.0,4.0,3.0,8.0,9.0,4.0
482,More than 5 years,5,2,4,4,5,5,80.0,2.0,9.0,3.0,0.5,9.0,4.0,0.5
484,Between 1 and 5 years,100,5,4,5,5,5,100.0,2.0,8.0,4.0,0.0,8.0,6.0,2.0
485,Between 1 and 5 years,5,4,4,5,4,5,60.0,2.5,8.0,2.0,0.0,9.0,3.0,1.0
487,More than 5 years,20,2,3,2,4,5,70.0,1.0,7.0,4.0,0.0,7.0,5.0,4.0
490,More than 5 years,20,3,4,5,5,5,50.0,2.0,8.0,2.0,0.5,9.5,2.0,1.0
492,Between 1 and 5 years,5,4,4,4,4,4,70.0,2.0,7.0,7.0,1.0,7.0,9.0,7.0
493,Between 1 and 5 years,50,4,3,3,4,3,70.0,2.0,8.0,1.0,0.0,10.0,2.0,1.0
497,More than 5 years,100,3,5,4,5,4,100.0,1.0,6.0,5.0,0.0,6.0,5.0,3.0
498,More than 5 years,30,4,5,5,5,5,100.0,1.0,8.0,8.0,0.2,9.0,8.0,2.0
499,Between 1 and 5 years,30,5,4,4,4,4,50.0,1.5,7.5,4.0,0.5,7.5,6.0,1.0
501,More than 5 years,30,3,1,1,1,3,50.0,2.0,6.0,4.0,2.0,3.0,6.0,4.0
502,More than 5 years,20,3,3,3,3,3,20.0,1.0,8.0,4.0,0.0,5.0,5.0,5.0
503,More than 5 years,5,2,2,3,1,3,5.0,2.0,8.0,2.0,2.0,6.0,4.0,2.0
504,More than 5 years,5,2,2,3,2,4,70.0,1.0,8.0,3.0,1.0,8.0,3.0,1.0
505,More than 5 years,100,5,5,3,5,5,90.0,0.0,8.0,5.0,0.0,8.0,5.0,3.0
506,Between 1 and 5 years,5,3,5,4,5,4,20.0,1.0,3.0,0.5,0.5,4.0,1.0,0.5
507,More than 5 years,20,2,4,2,5,5,50.0,1.0,9.0,6.0,0.0,12.0,5.0,1.0
509,More than 5 years,30,3,3,3,3,2,5.0,0.5,10.0,4.0,0.0,10.5,4.0,0.5
510,More than 5 years,30,1,3,4,5,5,70.0,3.0,9.0,3.0,0.0,13.0,2.0,2.0
512,Between 1 and 5 years,5,3,3,5,3,4,50.0,0.5,8.5,3.0,0.0,8.0,3.0,3.0
513,Between 6 and 12 months,30,3,3,3,3,3,90.0,1.0,8.0,4.0,0.0,9.0,7.0,1.0
514,Between 1 and 5 years,5,1,2,3,4,4,50.0,2.0,6.0,1.0,0.5,7.5,0.5,0.0
515,Between 1 and 5 years,50,3,5,4,4,3,20.0,1.0,9.0,2.0,0.0,5.0,3.0,3.0
516,Between 6 and 12 months,30,2,2,4,2,4,50.0,2.0,8.5,1.5,0.0,7.0,1.5,1.0
517,More than 5 years,5,4,4,4,4,4,60.0,3.5,7.0,5.0,0.0,9.0,10.0,3.0
518,More than 5 years,5,3,5,3,4,4,20.0,4.0,10.0,7.0,0.75,9.0,11.25,3.0
519,Between 1 and 5 years,50,4,4,3,3,4,50.0,2.0,8.0,2.0,3.0,8.0,1.0,2.0
520,Between 6 and 12 months,50,5,5,5,5,5,50.0,2.0,9.0,2.0,0.5,9.0,3.0,3.0
521,Between 1 and 5 years,30,1,4,3,4,3,20.0,1.0,7.0,2.0,0.25,7.0,2.0,1.5
522,Between 1 and 5 years,20,1,4,2,5,5,40.0,3.0,10.0,2.0,0.25,9.0,3.0,2.0
524,More than 5 years,5,2,2,3,3,4,10.0,1.0,9.0,6.0,0.25,9.0,6.0,1.0
528,Between 1 and 5 years,20,1,4,4,3,3,40.0,2.0,8.0,4.0,0.0,8.0,6.0,2.0
529,More than 5 years,70,5,5,5,5,5,100.0,0.25,7.35,4.0,0.0,7.35,4.0,0.5
530,More than 5 years,20,4,5,5,5,4,80.0,3.0,8.0,3.0,0.0,10.0,4.0,3.0
531,More than 5 years,5,4,2,2,3,3,10.0,1.0,8.0,6.0,1.0,8.0,4.0,2.0
533,Between 1 and 5 years,50,5,4,4,4,4,90.0,2.0,6.0,6.0,0.5,4.0,8.0,2.0
534,Between 1 and 5 years,5,3,4,5,4,5,70.0,1.5,6.0,1.0,0.0,7.0,1.0,0.0
535,Between 1 and 5 years,50,3,4,4,4,4,90.0,1.0,9.0,3.0,0.0,10.0,3.0,2.0
537,More than 5 years,5,2,4,4,4,3,5.0,0.5,8.0,6.0,0.0,4.0,10.0,1.0
539,More than 5 years,5,3,5,3,5,3,20.0,0.5,7.0,0.0,0.0,7.0,0.0,0.0
540,Between 6 and 12 months,5,1,1,1,5,4,90.0,2.5,8.0,10.0,0.0,8.0,10.0,6.0
541,Between 1 and 5 years,40,4,3,3,4,5,10.0,1.0,8.5,2.0,0.0,9.0,2.0,2.0
542,More than 5 years,10,2,4,3,4,3,50.0,2.0,6.0,2.0,1.0,2.0,9.0,2.0
544,Between 6 and 12 months,30,3,4,4,4,3,10.0,0.25,8.0,8.0,0.0,8.0,8.0,3.0
546,More than 5 years,10,4,4,4,4,4,50.0,2.0,8.0,4.0,0.0,8.0,8.0,2.0
547,More than 5 years,5,1,1,3,4,3,30.0,0.5,8.5,3.0,0.25,10.0,2.0,5.0
548,More than 5 years,50,4,5,5,5,5,100.0,1.0,7.0,2.0,0.5,9.0,2.0,0.0
549,More than 5 years,5,2,2,2,2,2,30.0,1.0,8.0,2.0,0.3,8.0,2.0,2.0
550,Between 1 and 5 years,20,2,5,4,5,5,50.0,2.0,8.0,3.0,0.0,8.0,4.0,0.5
551,More than 5 years,5,4,5,5,5,5,80.0,1.0,7.5,3.0,0.0,8.0,3.0,1.0
553,More than 5 years,40,5,5,5,5,5,90.0,1.5,8.0,4.0,0.0,8.0,5.0,3.0
554,More than 5 years,10,1,1,3,3,3,5.0,2.0,4.0,3.0,0.0,1.0,5.0,2.0
556,More than 5 years,30,5,5,5,5,5,50.0,1.0,1.0,1.0,1.0,6.0,2.0,3.0
558,More than 5 years,20,1,1,1,4,4,50.0,2.0,9.0,1.0,0.5,9.0,1.0,1.0
561,Between 6 and 12 months,60,5,5,5,3,5,80.0,1.0,8.0,2.0,0.0,8.0,3.0,1.0
562,Between 1 and 5 years,10,1,2,4,4,5,50.0,1.5,8.5,3.0,1.0,8.0,4.0,2.0
563,More than 5 years,5,2,3,4,5,5,80.0,1.0,8.0,8.0,0.0,8.0,8.0,8.0
564,More than 5 years,20,4,4,4,4,5,60.0,1.0,8.0,5.0,0.5,8.0,6.0,5.5
565,More than 5 years,30,4,2,2,2,4,10.0,2.0,8.0,3.0,1.0,8.0,5.0,0.0
566,Between 1 and 5 years,5,1,2,2,3,4,50.0,3.0,7.0,3.0,0.5,8.0,3.0,0.0
567,More than 5 years,50,2,5,5,5,5,80.0,3.0,7.0,3.0,0.0,10.0,3.0,1.0
568,Between 6 and 12 months,60,3,4,4,4,4,40.0,3.0,9.0,6.0,0.25,7.0,7.75,9.0
569,More than 5 years,10,4,4,4,5,5,50.0,4.0,8.0,4.0,0.0,10.0,6.0,0.0
570,More than 5 years,5,2,4,3,4,3,50.0,3.0,10.0,2.0,0.1,10.0,4.0,2.0
571,Between 6 and 12 months,80,4,4,3,4,3,50.0,0.5,7.5,6.0,0.0,8.0,6.0,2.0
573,More than 5 years,60,2,4,4,4,4,80.0,1.0,4.0,2.0,0.0,5.0,2.0,1.0
575,More than 5 years,5,4,2,2,2,2,5.0,3.0,8.5,4.0,0.0,8.5,4.0,2.0
576,More than 5 years,50,4,4,4,4,4,50.0,2.0,5.0,1.0,0.0,8.0,2.0,2.0
577,More than 5 years,20,2,4,4,4,4,50.0,1.0,10.0,3.0,0.0,10.0,3.0,1.0
578,Between 1 and 5 years,5,4,4,4,4,4,50.0,1.0,7.0,2.0,0.0,7.0,3.0,2.0
580,Between 6 and 12 months,30,4,4,4,4,5,80.0,1.0,9.0,0.0,0.0,9.0,1.0,2.0
582,More than 5 years,20,3,4,4,4,4,10.0,0.5,10.0,2.0,0.5,10.0,2.0,2.0
583,More than 5 years,20,4,1,3,2,2,30.0,2.0,9.0,10.0,2.0,12.0,6.0,4.0
584,Between 1 and 5 years,50,2,4,4,5,5,30.0,3.0,8.0,11.0,0.0,10.5,10.5,3.0
585,Between 1 and 5 years,90,5,3,5,3,5,100.0,1.0,5.0,3.0,0.5,6.0,3.0,2.0
589,More than 5 years,20,4,4,4,5,4,20.0,1.0,8.0,12.0,0.0,8.0,12.0,4.0
590,More than 5 years,100,3,5,4,5,5,100.0,2.0,8.0,4.0,0.0,8.0,4.0,3.0
591,Between 1 and 5 years,10,4,4,4,5,4,5.0,2.0,7.0,3.0,2.0,7.0,3.0,3.0
593,More than 5 years,5,3,5,4,5,4,80.0,1.0,7.5,3.0,0.5,7.5,3.5,1.0
596,Between 1 and 5 years,20,5,4,5,4,5,40.0,3.0,7.0,4.0,0.0,7.0,5.0,2.0
597,Between 1 and 5 years,5,4,5,4,5,5,50.0,2.0,8.0,3.0,0.5,8.0,5.5,1.0
598,Between 1 and 5 years,50,3,4,3,4,3,50.0,1.0,9.0,2.0,1.0,9.0,2.0,2.0
599,More than 5 years,10,5,5,5,5,5,70.0,2.0,8.0,4.0,0.0,8.0,5.0,3.0
601,Between 1 and 5 years,50,3,5,5,5,5,100.0,1.0,8.0,5.0,0.0,8.5,5.0,4.0
602,More than 5 years,80,5,5,5,5,5,90.0,3.0,7.0,2.0,0.0,8.0,3.0,3.0
603,Between 6 and 12 months,20,3,3,5,5,5,60.0,0.75,9.0,3.0,0.0,12.0,3.0,2.0
604,More than 5 years,5,4,4,4,4,5,50.0,1.0,8.0,12.0,0.0,9.0,14.0,1.0
606,Between 1 and 5 years,60,3,5,5,5,5,100.0,2.5,7.0,4.0,0.0,8.0,4.0,2.0
607,More than 5 years,50,4,4,4,4,4,60.0,1.0,6.0,1.0,1.0,6.0,1.0,1.0
609,Between 1 and 5 years,20,3,2,4,1,4,90.0,4.0,8.5,2.0,0.5,10.0,3.5,2.5
610,More than 5 years,40,2,4,4,4,4,50.0,2.0,8.0,4.0,0.0,10.0,4.0,2.0
611,More than 5 years,30,4,3,3,2,3,10.0,1.5,12.0,5.0,0.5,12.5,5.5,5.5
612,Between 1 and 5 years,5,4,3,2,4,3,40.0,1.0,8.0,6.0,0.5,8.5,6.0,1.0
613,More than 5 years,20,3,5,5,5,5,40.0,2.0,7.0,5.0,0.0,7.0,5.0,2.0
614,Between 1 and 5 years,70,5,5,5,5,5,80.0,2.5,8.5,2.0,0.0,10.0,3.0,2.0
615,More than 5 years,5,1,2,5,2,5,20.0,2.0,9.0,11.0,0.5,9.5,12.0,2.0
617,Between 1 and 5 years,5,2,3,3,4,4,60.0,3.0,8.0,1.0,1.0,8.0,2.0,2.0
619,Between 1 and 5 years,5,1,2,4,4,4,20.0,1.0,9.0,3.0,0.0,9.0,5.0,2.0
621,More than 5 years,50,4,4,4,4,4,50.0,1.0,8.0,2.0,0.0,8.0,12.0,1.0
622,More than 5 years,50,4,4,3,4,2,20.0,0.0,8.0,3.0,1.0,9.0,10.0,4.0
623,Between 1 and 5 years,70,4,5,5,5,5,80.0,2.0,7.5,5.0,1.0,7.5,6.0,1.5
624,More than 5 years,5,4,4,3,4,4,80.0,4.0,7.5,2.0,0.0,10.0,1.0,1.0
627,More than 5 years,50,4,4,5,5,5,90.0,2.0,8.0,2.0,2.0,8.0,2.0,2.0
628,More than 5 years,20,3,5,4,5,5,40.0,1.0,8.0,8.0,0.5,8.0,7.0,5.0
631,More than 5 years,5,5,3,3,2,2,10.0,0.5,9.0,3.0,0.0,11.0,4.0,1.0
632,More than 5 years,5,3,3,4,5,5,90.0,2.0,8.0,9.0,0.0,8.0,9.0,5.0
633,Between 1 and 5 years,5,4,4,4,5,5,80.0,1.5,9.0,12.5,0.0,9.0,14.0,1.0
634,Between 1 and 5 years,20,4,4,4,4,4,50.0,0.25,7.0,0.25,0.25,6.0,1.0,0.25
636,More than 5 years,30,5,5,5,5,5,70.0,3.0,8.0,2.0,0.5,9.0,3.0,2.0
637,More than 5 years,10,4,4,4,4,4,10.0,1.0,7.0,4.0,0.5,7.0,4.0,2.5
639,More than 5 years,100,5,5,5,5,5,100.0,1.0,8.0,0.0,0.5,8.0,0.0,0.0
640,Between 6 and 12 months,20,4,3,5,4,5,60.0,2.5,8.0,3.0,0.0,8.0,3.0,1.0
641,More than 5 years,50,3,4,5,4,5,60.0,2.0,7.0,4.0,0.5,7.5,5.0,3.0
642,More than 5 years,100,5,5,5,5,5,100.0,1.0,8.0,3.0,0.5,8.0,3.0,2.0
643,More than 5 years,30,3,5,3,5,3,30.0,0.3,12.0,1.0,0.0,9.0,2.0,1.0
645,Between 6 and 12 months,50,3,4,4,4,4,80.0,1.0,7.0,1.0,0.0,9.0,1.0,1.0
647,More than 5 years,100,5,5,5,5,5,100.0,0.5,2.0,3.0,0.0,2.0,3.0,3.0
650,More than 5 years,100,5,4,4,5,5,100.0,0.0,6.0,2.0,0.0,6.0,2.0,2.0
651,Between 1 and 5 years,50,4,4,3,4,3,50.0,2.0,10.0,10.0,2.0,10.0,10.0,2.0
653,Between 1 and 5 years,5,2,4,4,5,5,100.0,0.75,7.5,0.5,0.1,8.0,1.0,0.0
655,More than 5 years,30,4,4,5,4,5,60.0,1.5,10.0,1.0,0.0,11.0,3.0,1.0
656,More than 5 years,20,3,3,4,4,5,100.0,2.0,5.0,0.0,0.0,7.0,2.0,2.0
657,More than 5 years,20,2,2,3,1,3,40.0,0.0,8.0,0.0,0.0,8.0,0.0,0.0
660,More than 5 years,10,4,5,5,4,4,20.0,2.0,7.0,4.0,2.0,7.0,2.0,2.0
661,Between 1 and 5 years,80,5,4,4,2,2,50.0,3.0,9.0,0.0,0.5,11.0,0.0,0.0
662,Between 1 and 5 years,5,1,3,4,4,4,5.0,3.0,6.0,2.0,2.0,4.0,4.0,3.0
664,More than 5 years,5,3,4,4,5,5,90.0,0.75,9.0,6.0,0.4,9.0,7.0,1.0
665,Between 6 and 12 months,50,3,3,4,4,4,70.0,1.0,5.0,10.0,1.0,6.0,9.0,2.0
666,More than 5 years,5,2,4,3,4,5,50.0,1.0,7.0,1.0,0.0,7.0,2.0,1.0
669,Between 1 and 5 years,10,3,4,4,5,5,50.0,2.0,7.0,2.0,0.0,9.0,2.0,1.0
670,More than 5 years,70,4,4,3,4,4,70.0,7.0,4.0,6.0,5.0,4.0,5.0,3.0
671,Between 1 and 5 years,10,4,4,5,4,5,60.0,1.0,8.0,8.0,0.0,8.0,8.0,3.0
672,Between 1 and 5 years,5,3,5,3,5,4,60.0,3.0,8.0,2.0,0.5,8.0,4.0,1.0
675,More than 5 years,5,1,2,5,5,5,80.0,2.5,8.0,4.0,0.5,9.0,4.0,2.0
676,Between 1 and 5 years,100,4,4,4,5,5,100.0,1.0,8.0,2.0,0.0,8.0,2.0,2.0
677,More than 5 years,50,5,4,5,5,5,80.0,4.0,8.0,2.0,0.5,8.0,2.0,1.0
679,Between 1 and 5 years,60,5,5,5,5,5,80.0,2.0,5.0,4.0,0.0,5.0,6.0,3.0
680,Between 6 and 12 months,70,4,4,4,4,4,90.0,2.0,4.0,1.0,0.5,5.0,3.0,1.0
681,Between 1 and 5 years,5,2,3,4,4,4,40.0,4.0,8.5,2.0,0.5,8.5,5.0,1.0
682,Between 1 and 5 years,40,4,4,3,4,4,40.0,1.0,6.0,2.0,0.5,6.0,2.0,1.0
683,Between 1 and 5 years,5,3,4,4,4,4,20.0,3.0,9.0,9.0,1.0,9.0,9.0,5.0
684,More than 5 years,10,4,4,3,5,4,60.0,2.0,9.0,11.0,0.0,9.0,13.0,2.0
685,Between 1 and 5 years,50,3,2,3,4,4,50.0,1.0,7.0,3.0,1.0,7.0,3.0,2.0
686,More than 5 years,5,5,4,5,5,5,50.0,4.0,8.0,2.0,4.0,8.0,2.0,1.0
688,Between 1 and 5 years,10,3,5,3,3,4,50.0,1.0,6.0,1.0,5.0,5.0,1.0,0.5
689,More than 5 years,10,2,5,5,5,5,50.0,3.0,8.0,3.0,0.0,8.0,5.0,2.0
690,More than 5 years,20,5,5,5,5,5,20.0,1.0,7.0,8.0,0.0,7.0,10.0,7.0
691,Between 1 and 5 years,20,4,4,3,3,3,50.0,1.0,7.0,2.0,1.0,6.0,4.0,2.0
692,More than 5 years,5,2,4,3,4,3,5.0,1.0,8.0,6.0,1.0,6.0,6.0,2.0
693,More than 5 years,10,3,4,2,4,3,20.0,1.0,11.0,2.0,0.0,11.0,3.0,3.0
696,More than 5 years,100,2,2,4,3,3,100.0,0.5,8.0,3.0,0.0,8.0,3.0,1.0
697,More than 5 years,80,2,5,3,5,3,90.0,6.0,8.0,3.0,0.0,10.0,6.0,1.0
698,Between 6 and 12 months,60,3,4,4,3,3,60.0,1.0,5.0,2.0,1.0,8.0,5.0,9.0
700,Between 1 and 5 years,5,3,1,3,2,3,50.0,2.5,9.5,9.0,0.0,9.5,10.0,4.5
702,Between 6 and 12 months,50,5,5,5,5,5,100.0,3.0,5.0,1.0,0.0,8.0,5.0,1.0
704,More than 5 years,50,2,3,3,3,3,50.0,0.5,8.0,2.0,0.5,8.0,3.0,1.0
705,More than 5 years,50,3,3,3,3,3,50.0,1.0,6.0,6.0,0.0,6.0,6.0,5.0
706,More than 5 years,30,4,4,4,4,4,100.0,2.0,8.0,12.0,0.0,10.0,12.0,2.0
707,More than 5 years,80,3,4,3,4,3,60.0,4.0,9.0,3.0,0.0,13.0,3.0,2.0
708,Between 1 and 5 years,70,3,4,4,4,4,50.0,1.0,6.0,4.0,0.0,7.0,3.0,3.0
709,Between 1 and 5 years,80,5,5,5,5,5,60.0,1.0,8.0,3.0,0.0,8.0,4.0,2.0
710,Between 6 and 12 months,30,4,5,4,5,4,50.0,1.0,9.0,4.0,0.5,9.0,5.0,1.0
711,Between 6 and 12 months,50,3,3,3,3,2,50.0,1.0,5.0,1.0,2.0,1.0,4.0,1.0
713,More than 5 years,5,1,4,4,4,4,50.0,1.0,9.0,8.0,0.0,9.0,9.0,6.0
714,More than 5 years,20,2,2,4,4,4,90.0,2.0,7.5,0.0,0.0,7.5,0.5,0.5
715,Between 6 and 12 months,50,4,5,5,5,5,80.0,1.0,7.0,4.0,0.0,7.5,5.0,2.0
716,More than 5 years,5,5,2,4,2,4,5.0,0.5,8.0,4.0,0.0,12.0,2.0,1.0
719,Between 1 and 5 years,5,3,4,4,5,5,70.0,3.0,10.0,3.0,0.5,10.0,3.0,2.0
720,More than 5 years,5,1,2,3,5,5,50.0,2.0,8.0,4.0,0.5,8.0,6.0,2.0
721,Between 6 and 12 months,10,2,4,4,4,5,60.0,2.0,8.0,5.0,0.0,10.0,5.0,1.0
723,More than 5 years,10,1,5,5,5,5,100.0,4.0,8.0,3.0,0.5,8.0,4.0,4.0
724,Between 1 and 5 years,20,3,4,3,5,3,40.0,2.0,7.0,2.0,0.0,6.0,4.0,1.0
725,Between 1 and 5 years,100,3,4,4,5,4,80.0,2.0,8.0,2.0,0.0,8.0,2.0,4.0
726,More than 5 years,50,5,5,5,5,5,50.0,2.0,10.0,4.0,0.0,10.0,6.0,1.0
729,Between 1 and 5 years,5,4,4,4,4,4,20.0,1.0,9.0,3.0,0.0,9.0,4.0,3.0
730,Between 6 and 12 months,80,3,3,5,4,5,60.0,2.0,8.0,4.0,0.0,8.0,6.0,2.0
731,Between 1 and 5 years,5,1,2,3,4,4,40.0,2.0,8.0,6.0,0.0,9.0,4.0,0.5
732,More than 5 years,100,5,4,4,4,3,30.0,1.0,7.0,6.0,1.0,7.0,6.0,10.0
733,More than 5 years,5,4,4,3,5,3,40.0,2.0,9.0,11.0,0.0,11.0,11.0,2.0
736,Between 1 and 5 years,20,4,2,3,4,3,20.0,0.5,8.0,3.0,0.0,10.0,3.0,2.0
737,More than 5 years,5,2,2,2,4,3,40.0,1.0,7.0,4.0,1.0,7.0,6.0,2.0
738,More than 5 years,20,5,4,4,4,4,20.0,2.0,8.5,3.0,0.5,8.0,4.5,4.0
740,Between 1 and 5 years,80,4,5,5,5,5,50.0,1.0,6.0,0.5,0.5,7.0,0.0,0.0
742,Between 1 and 5 years,20,4,5,4,5,5,50.0,1.0,8.0,4.0,0.5,9.0,4.0,2.0
743,Between 1 and 5 years,30,2,4,5,4,5,80.0,3.0,8.0,7.0,1.0,8.0,9.0,6.0
744,Between 1 and 5 years,80,3,4,3,4,3,80.0,2.0,7.0,4.0,0.0,10.0,4.0,2.0
745,More than 5 years,10,2,4,5,4,5,10.0,1.0,8.0,3.0,0.1,8.0,4.0,2.0
746,More than 5 years,70,4,4,4,4,4,50.0,3.0,8.0,3.0,1.0,9.0,3.0,2.0
747,Between 6 and 12 months,50,3,4,4,4,4,50.0,2.0,10.0,9.0,2.0,12.0,8.0,2.0
751,Between 1 and 5 years,50,5,5,5,5,5,50.0,1.0,4.0,4.0,0.0,4.0,4.0,0.0
752,More than 5 years,20,2,5,5,5,5,100.0,3.0,7.0,3.0,0.0,7.0,4.0,1.0
753,Between 1 and 5 years,100,5,5,5,5,5,100.0,0.5,8.0,3.0,0.0,8.0,3.0,3.0
754,Between 1 and 5 years,20,2,3,5,4,5,50.0,1.5,7.5,0.0,1.5,7.5,0.0,0.0
755,More than 5 years,30,5,2,3,2,3,10.0,1.0,9.0,3.0,0.5,8.0,3.0,3.0
756,Between 6 and 12 months,20,3,3,3,4,3,30.0,3.0,8.0,5.0,0.5,8.0,6.0,1.0
759,More than 5 years,10,4,4,4,3,3,20.0,1.0,7.0,2.0,1.0,7.0,1.0,1.0
760,Between 1 and 5 years,50,4,5,4,5,5,90.0,3.0,8.0,3.0,1.0,10.0,6.0,6.0
764,More than 5 years,100,5,3,4,3,4,50.0,1.0,10.0,2.0,0.0,12.0,2.0,2.0
766,More than 5 years,20,2,4,4,4,4,70.0,4.0,7.0,5.0,0.0,7.0,9.0,2.0
767,More than 5 years,20,4,4,4,5,4,80.0,3.0,7.0,3.0,1.0,8.0,5.0,4.0
768,More than 5 years,30,3,4,3,4,3,20.0,1.0,7.0,3.0,0.5,7.0,3.0,10.5
769,More than 5 years,30,2,4,5,4,5,100.0,2.0,7.5,3.0,0.0,8.0,4.0,1.0
770,More than 5 years,50,5,3,5,3,5,70.0,0.0,5.0,0.0,0.0,5.0,0.0,0.0
771,Between 1 and 5 years,90,4,5,5,5,5,90.0,1.5,7.5,3.5,0.5,9.0,3.0,2.5
773,More than 5 years,20,2,4,2,3,2,20.0,0.5,8.0,5.0,0.2,8.0,5.0,3.0
775,More than 5 years,100,4,5,5,5,5,100.0,1.0,1.0,2.0,4.0,1.0,4.0,2.0
777,More than 5 years,60,5,5,5,5,5,50.0,2.0,9.0,3.0,0.0,10.0,2.0,3.0
778,Between 6 and 12 months,20,5,5,5,4,5,20.0,1.5,8.0,4.0,1.0,8.0,4.5,0.0
779,Between 1 and 5 years,50,3,3,3,3,3,50.0,1.0,1.0,1.0,1.0,1.0,1.0,1.0
782,Between 1 and 5 years,20,3,4,4,4,4,50.0,1.5,8.0,3.0,0.0,8.0,4.0,2.0
784,Between 1 and 5 years,10,3,4,4,4,4,20.0,1.5,7.0,0.5,0.5,8.0,0.5,0.5
785,Between 1 and 5 years,30,3,4,5,5,5,100.0,3.0,8.0,2.0,0.5,6.0,4.0,3.0
786,More than 5 years,10,2,2,4,5,5,40.0,1.5,9.0,3.0,0.0,10.0,3.0,1.0
787,More than 5 years,70,4,5,5,4,4,20.0,5.0,1.0,2.0,4.0,10.0,5.0,2.0
788,More than 5 years,60,5,5,5,5,5,60.0,1.0,7.5,3.0,0.5,7.0,4.0,2.0
790,More than 5 years,50,5,5,5,5,5,80.0,1.5,7.0,0.0,0.5,8.0,0.0,0.0
792,More than 5 years,40,4,3,3,4,3,20.0,1.25,9.0,5.0,0.25,9.5,4.5,1.0
793,Between 1 and 5 years,100,3,4,4,5,4,100.0,1.0,6.0,1.0,0.0,8.0,1.0,8.0
795,Between 1 and 5 years,20,4,3,4,3,3,30.0,1.0,2.0,2.0,1.0,2.0,1.0,2.0
796,More than 5 years,100,4,3,3,3,3,50.0,3.0,8.0,3.0,3.0,8.0,3.0,4.0
798,Between 1 and 5 years,5,4,4,3,4,4,5.0,0.5,8.0,4.0,0.0,8.5,4.0,1.0
799,More than 5 years,5,1,1,4,2,4,50.0,1.0,7.0,2.0,0.1,7.0,2.5,2.0
802,Between 1 and 5 years,50,5,4,5,5,5,90.0,1.0,8.0,3.0,0.0,10.0,2.0,2.0
803,More than 5 years,5,2,4,4,5,5,50.0,1.5,8.0,3.0,0.25,8.0,4.0,2.0
804,Between 1 and 5 years,5,2,3,3,5,3,20.0,1.5,7.0,2.0,0.5,7.0,4.0,2.0
807,Between 1 and 5 years,5,3,3,4,4,3,40.0,2.0,10.0,2.0,0.0,10.0,3.0,1.0
808,More than 5 years,60,4,3,4,3,3,20.0,1.0,7.0,14.0,1.0,7.0,14.0,2.0
810,Between 1 and 5 years,30,2,4,3,4,3,40.0,0.75,7.5,1.0,0.25,8.0,1.0,1.0
812,More than 5 years,5,3,4,4,4,4,20.0,1.0,7.0,1.0,1.0,8.0,1.0,1.0
814,More than 5 years,5,3,5,3,4,3,10.0,0.5,6.5,1.0,0.0,8.0,0.0,4.0
815,Between 1 and 5 years,5,1,4,3,4,3,5.0,2.0,9.0,1.0,1.0,9.0,2.0,1.0
816,Between 1 and 5 years,30,4,3,4,4,4,50.0,0.5,10.0,2.0,1.0,10.0,13.0,0.0
820,More than 5 years,70,5,5,5,5,5,100.0,2.0,7.0,4.0,0.0,5.0,5.0,3.0
821,More than 5 years,80,3,3,3,3,4,40.0,2.0,8.0,2.0,0.0,8.0,3.0,0.0
823,Between 1 and 5 years,40,3,5,5,5,5,100.0,2.0,8.0,3.0,0.5,9.0,4.0,1.0
824,Between 1 and 5 years,90,5,5,5,5,5,100.0,1.5,7.5,3.0,0.5,7.5,5.0,4.0
825,Between 1 and 5 years,10,4,4,4,5,5,80.0,2.0,8.0,4.0,0.0,10.0,4.0,2.0
826,Between 1 and 5 years,5,4,5,4,5,5,50.0,0.5,8.0,4.0,0.5,8.0,4.0,1.0
827,Between 1 and 5 years,20,4,4,5,4,5,80.0,3.0,6.0,5.0,0.0,9.0,5.0,2.0
828,Between 1 and 5 years,40,5,5,5,5,5,70.0,2.0,8.0,6.0,0.2,9.0,6.0,2.0
831,Between 1 and 5 years,10,1,1,5,2,4,80.0,2.0,8.0,3.0,0.0,9.0,3.0,3.0
832,Between 1 and 5 years,50,4,4,4,4,3,50.0,10.0,10.0,2.0,5.0,5.0,10.0,4.0
835,Between 1 and 5 years,80,2,2,2,4,3,80.0,4.0,8.0,1.0,0.0,10.0,2.0,1.0
836,Between 1 and 5 years,60,5,5,4,5,4,40.0,1.0,8.0,2.0,0.5,7.0,2.0,2.5
837,More than 5 years,30,3,5,5,5,5,100.0,2.0,7.5,1.0,0.0,8.5,3.0,2.0
838,Between 1 and 5 years,20,3,3,3,4,3,10.0,0.45,8.0,0.0,0.0,6.0,1.0,1.0
840,Between 1 and 5 years,40,1,2,2,3,3,5.0,1.0,2.0,1.0,2.0,5.0,3.0,4.0
843,More than 5 years,40,4,2,4,2,4,50.0,3.0,5.0,4.0,0.0,5.0,4.0,4.0
846,More than 5 years,20,3,4,4,4,4,90.0,2.0,8.0,2.0,0.0,9.0,2.0,2.0
847,More than 5 years,20,2,2,2,4,4,30.0,0.5,8.0,8.0,0.0,8.0,8.0,5.0
848,More than 5 years,100,3,5,5,5,5,100.0,0.0,0.0,0.0,0.0,4.0,2.0,10.0
849,More than 5 years,20,4,5,5,5,4,50.0,1.5,6.0,6.0,0.0,6.0,6.0,3.0
850,Between 1 and 5 years,10,5,4,4,5,5,50.0,1.0,10.0,0.5,0.0,14.0,0.5,0.0
851,Between 6 and 12 months,90,5,4,4,3,4,50.0,1.0,8.0,4.0,0.5,8.0,5.0,1.0
853,Between 1 and 5 years,40,3,3,3,3,3,50.0,1.0,1.0,1.0,0.0,0.0,0.0,0.0
854,More than 5 years,20,4,4,5,5,5,50.0,1.5,8.0,4.0,0.5,9.0,6.0,4.0
855,More than 5 years,100,3,3,4,3,5,100.0,1.0,2.0,4.0,1.0,4.0,2.0,4.0
856,More than 5 years,10,3,4,5,4,5,5.0,1.0,8.0,11.0,0.0,8.0,12.0,4.0
858,Between 6 and 12 months,20,5,5,5,5,5,100.0,2.5,10.0,8.5,0.0,12.0,8.0,4.0
859,More than 5 years,5,2,2,3,4,3,20.0,1.0,9.0,13.0,0.0,9.5,13.0,1.5
860,Between 1 and 5 years,10,2,5,5,5,5,50.0,4.0,8.0,12.0,0.5,9.0,13.5,1.0
861,More than 5 years,5,4,4,5,4,5,50.0,2.0,10.0,1.5,0.0,10.0,3.0,2.0
862,Between 1 and 5 years,5,4,4,4,5,4,50.0,0.0,8.0,0.0,0.0,8.0,0.0,0.0
863,More than 5 years,40,4,4,4,4,3,40.0,1.0,8.0,4.0,0.0,8.0,4.0,2.0
866,Between 1 and 5 years,100,5,4,4,4,4,80.0,1.0,6.0,2.0,0.25,5.0,3.0,5.0
867,More than 5 years,80,3,4,4,4,4,70.0,1.0,5.0,4.0,0.0,9.0,4.0,1.0
869,More than 5 years,5,2,4,4,4,4,50.0,1.0,8.0,1.0,0.0,8.0,2.0,0.0
870,Between 1 and 5 years,60,2,4,5,4,5,90.0,2.0,9.0,2.0,0.5,8.0,4.0,1.0
871,Between 6 and 12 months,100,4,5,4,4,5,80.0,3.5,7.0,2.0,1.0,7.0,4.0,4.0
875,Between 1 and 5 years,10,1,4,5,5,5,50.0,0.5,7.0,2.0,0.0,8.0,4.0,1.0
877,Between 1 and 5 years,30,5,4,5,4,5,40.0,2.0,8.0,4.0,0.0,8.0,6.0,2.0
880,More than 5 years,100,2,3,4,4,4,100.0,1.0,7.5,2.5,0.0,8.0,2.0,2.0
881,Between 1 and 5 years,70,3,4,4,4,4,70.0,2.0,5.0,2.0,0.0,6.0,3.0,4.0
882,More than 5 years,60,3,3,4,4,4,10.0,1.0,8.0,6.0,0.0,9.0,6.0,1.0
883,Between 1 and 5 years,40,4,4,4,4,4,100.0,3.0,8.0,2.0,0.0,8.0,4.0,4.0
885,More than 5 years,5,2,4,4,4,4,20.0,1.5,9.0,5.0,0.0,9.0,6.0,0.5
886,More than 5 years,10,5,5,5,5,5,20.0,1.0,8.0,4.0,0.0,8.0,5.0,4.0
887,More than 5 years,20,4,4,5,4,5,40.0,1.0,8.0,4.0,0.0,7.5,4.5,2.0
889,More than 5 years,40,1,4,4,4,4,50.0,2.0,8.0,2.0,0.5,8.0,4.0,3.0
890,Between 1 and 5 years,50,4,4,3,5,4,60.0,2.0,9.0,3.0,0.5,10.0,4.0,2.0
891,Between 1 and 5 years,30,5,5,5,5,5,100.0,2.0,8.0,4.0,1.0,9.0,4.0,2.0
893,Between 1 and 5 years,5,3,5,5,5,5,50.0,4.0,8.0,6.0,0.5,8.0,6.0,4.0
894,More than 5 years,5,2,4,4,4,4,30.0,1.5,8.0,2.0,0.5,8.5,2.0,2.0
895,More than 5 years,20,4,4,4,3,4,50.0,1.0,9.0,12.0,0.0,8.0,14.0,2.0
896,Between 6 and 12 months,10,3,4,3,5,5,50.0,2.0,9.0,4.0,0.5,10.0,4.0,1.0
897,More than 5 years,30,5,5,5,5,5,80.0,6.0,6.0,6.0,0.0,9.0,10.0,5.0
898,Between 1 and 5 years,100,3,3,3,3,3,50.0,3.0,3.0,3.0,6.0,3.0,1.5,1.5
899,More than 5 years,90,5,5,5,5,5,90.0,1.0,5.0,14.0,0.0,8.0,12.0,4.0
901,More than 5 years,10,3,3,4,3,4,60.0,3.0,8.0,4.0,0.0,12.0,4.0,4.0
902,Between 1 and 5 years,80,5,4,4,4,4,50.0,0.75,7.0,1.0,0.25,7.0,2.0,1.0
903,Between 1 and 5 years,5,2,4,5,5,5,80.0,3.0,7.5,3.0,0.0,7.0,6.0,3.0
904,More than 5 years,50,5,4,4,5,4,70.0,2.0,9.0,5.0,0.0,9.0,6.0,2.0
905,More than 5 years,50,5,5,5,5,5,90.0,2.0,8.0,5.0,0.0,9.0,6.0,1.0
906,Between 6 and 12 months,40,4,4,5,4,5,10.0,2.0,3.0,2.0,2.0,4.0,3.0,3.0
907,Between 1 and 5 years,100,5,5,5,5,4,100.0,0.0,0.0,0.0,0.0,8.0,8.0,8.0
908,Between 1 and 5 years,20,3,4,4,4,4,50.0,1.5,8.0,0.5,0.0,8.0,1.0,1.0
909,More than 5 years,50,5,5,5,5,5,50.0,1.0,10.0,8.0,2.0,12.0,4.0,6.0
910,More than 5 years,30,1,4,2,4,4,30.0,0.25,9.0,3.5,0.0,7.0,7.0,0.5
911,More than 5 years,20,1,2,3,3,4,50.0,2.0,8.0,3.0,0.0,10.0,3.0,2.0
912,Between 1 and 5 years,5,3,3,4,5,4,80.0,1.0,10.0,10.0,0.0,11.0,10.0,3.0
915,More than 5 years,100,5,5,4,5,4,80.0,3.0,6.0,2.0,0.0,9.5,4.0,3.0
916,More than 5 years,5,2,3,4,4,4,30.0,2.0,6.0,0.5,0.0,7.0,0.5,0.5
917,Between 1 and 5 years,10,5,5,5,5,5,40.0,1.0,1.0,1.0,1.0,1.0,1.0,1.0
918,More than 5 years,5,4,4,4,4,4,20.0,2.0,8.0,3.0,0.0,8.0,5.0,1.0
920,More than 5 years,30,2,4,4,5,5,50.0,2.0,10.0,2.0,0.0,10.0,5.0,2.0
921,More than 5 years,5,3,4,4,4,4,80.0,1.0,8.0,8.0,0.0,8.0,8.0,8.0
922,Between 1 and 5 years,90,5,5,5,5,5,100.0,2.5,2.0,3.0,0.0,4.0,3.0,4.0
924,More than 5 years,5,2,3,4,4,4,50.0,1.0,8.0,1.0,0.0,8.0,0.0,0.0
926,More than 5 years,20,3,4,4,5,5,40.0,0.5,7.5,1.0,0.0,7.5,1.0,1.0
927,More than 5 years,100,4,4,4,4,4,100.0,1.0,8.0,8.0,1.0,8.0,8.0,7.0
928,More than 5 years,20,3,3,4,3,4,40.0,2.5,7.5,2.0,0.0,7.5,3.0,3.0
929,Between 1 and 5 years,80,5,5,4,5,4,70.0,2.0,8.0,3.0,0.0,10.0,4.0,1.0
930,More than 5 years,10,4,2,2,4,4,50.0,0.5,8.0,2.0,0.0,8.0,2.0,2.0
935,More than 5 years,90,5,4,5,5,5,60.0,2.0,4.0,0.5,0.25,6.0,1.0,1.0
936,Between 1 and 5 years,10,4,5,4,5,5,50.0,3.0,8.0,2.0,1.0,9.0,2.0,0.0
937,Between 6 and 12 months,80,5,5,5,5,5,90.0,0.2,7.5,12.0,0.1,7.5,12.4,4.0
938,More than 5 years,20,3,4,4,4,4,90.0,2.0,8.0,2.0,0.0,9.0,3.0,1.0
939,More than 5 years,5,4,1,3,4,4,40.0,1.0,9.5,0.5,0.5,8.0,1.5,1.0
940,Between 1 and 5 years,5,3,3,3,3,3,20.0,1.0,7.0,3.0,0.0,7.0,5.0,2.0
941,More than 5 years,10,4,5,4,4,5,50.0,1.0,9.0,3.0,0.5,8.0,4.0,3.0
942,Between 1 and 5 years,5,4,4,4,4,4,90.0,1.5,7.5,2.0,0.5,7.5,3.0,2.0
943,Between 1 and 5 years,20,1,4,4,4,5,100.0,2.0,12.0,2.0,0.5,12.0,4.0,0.0
945,Between 6 and 12 months,30,2,3,3,5,1,20.0,1.0,1.0,1.0,1.0,1.0,1.0,1.0
948,More than 5 years,5,2,4,4,4,4,20.0,0.5,6.0,1.0,0.0,7.0,0.5,0.5
949,Between 6 and 12 months,30,3,3,3,3,2,30.0,1.0,8.0,1.0,1.0,5.0,4.0,2.0
950,Between 1 and 5 years,5,2,5,3,5,4,50.0,1.0,7.0,5.0,0.1,8.0,6.0,6.0
951,Between 6 and 12 months,70,4,3,4,4,5,50.0,2.5,7.5,4.0,0.0,7.5,4.5,4.0
952,Between 1 and 5 years,5,4,4,4,4,5,40.0,1.5,10.0,3.0,0.0,12.0,2.5,1.5
953,Between 1 and 5 years,100,3,5,5,5,5,100.0,1.0,4.0,6.0,0.0,4.0,6.0,4.0
954,More than 5 years,5,3,1,5,4,4,40.0,2.5,7.5,3.0,0.0,6.5,8.0,2.0
955,Between 1 and 5 years,5,4,2,3,3,3,30.0,1.0,9.0,1.0,0.0,10.0,2.0,3.0
957,More than 5 years,40,4,4,4,5,5,30.0,0.5,8.0,4.0,0.25,6.0,8.0,8.0
959,More than 5 years,20,3,5,5,4,5,40.0,2.5,10.0,4.0,0.5,10.0,4.0,2.0
963,Between 1 and 5 years,50,5,5,5,5,5,80.0,4.0,8.0,2.0,0.0,9.0,4.0,4.0
964,Between 1 and 5 years,5,1,3,3,3,5,100.0,2.0,8.0,0.0,2.0,10.0,4.0,1.0
965,Between 6 and 12 months,70,5,5,5,3,3,60.0,2.0,15.0,5.0,0.0,16.0,4.0,4.0
966,Between 1 and 5 years,100,5,5,5,5,5,100.0,4.0,8.0,2.0,0.0,10.0,4.0,2.0
968,More than 5 years,5,2,4,4,4,5,50.0,0.5,9.0,4.0,0.5,10.0,4.0,2.0
969,More than 5 years,20,5,3,5,5,5,60.0,2.5,8.0,8.0,0.0,8.0,10.0,6.0
970,Between 1 and 5 years,5,2,3,3,4,5,50.0,1.0,8.0,4.0,0.0,8.0,4.0,1.0
971,More than 5 years,70,2,4,5,4,5,50.0,1.0,8.0,1.0,0.0,8.0,3.0,2.0
972,Between 1 and 5 years,30,1,2,4,5,5,80.0,2.0,7.5,2.0,0.5,10.0,2.0,1.0
973,More than 5 years,10,2,5,4,5,5,80.0,1.0,8.0,13.0,0.5,8.5,13.0,2.0
974,Between 1 and 5 years,10,4,4,4,5,5,50.0,1.0,8.0,4.0,0.0,8.0,4.0,2.0
977,Between 1 and 5 years,80,3,4,5,4,5,100.0,3.5,8.0,0.0,0.5,4.0,1.0,4.0
979,More than 5 years,5,2,4,2,4,1,5.0,1.0,9.0,1.0,0.5,10.0,2.0,2.0
981,Between 1 and 5 years,50,5,4,3,4,4,70.0,1.0,7.0,3.0,0.0,8.0,3.0,2.0
982,More than 5 years,20,3,4,3,4,4,5.0,1.0,9.0,12.0,0.5,10.0,12.0,1.5
983,Between 1 and 5 years,40,4,4,4,4,4,80.0,1.5,9.0,9.5,0.5,10.0,9.5,4.0
984,More than 5 years,20,3,3,4,4,4,30.0,2.0,7.5,2.0,0.0,7.5,3.0,3.0
985,More than 5 years,20,1,5,4,5,5,60.0,2.0,8.0,0.5,0.0,9.0,1.0,1.0
986,More than 5 years,10,3,2,4,2,3,10.0,0.5,11.0,3.0,0.5,11.0,3.0,2.0
987,More than 5 years,100,5,3,4,3,4,100.0,0.0,6.0,4.0,0.0,6.0,4.0,5.0
989,Between 6 and 12 months,40,3,3,3,3,4,50.0,1.0,10.0,5.0,1.0,11.0,5.0,5.0
990,Between 1 and 5 years,20,2,4,4,4,4,60.0,1.0,8.0,14.0,1.0,8.0,14.0,1.0
992,More than 5 years,90,5,5,5,5,5,100.0,0.1,2.0,3.0,0.0,4.0,3.0,3.0
993,More than 5 years,50,4,4,4,2,2,100.0,5.0,8.0,8.0,0.0,12.0,8.0,4.0
994,More than 5 years,10,4,4,4,5,5,80.0,2.0,9.0,3.0,0.0,10.0,4.0,3.0
995,Between 1 and 5 years,20,2,3,3,3,3,50.0,0.5,5.0,1.0,0.5,6.0,0.5,0.0
996,More than 5 years,10,3,4,3,4,4,50.0,0.5,5.0,2.0,0.1,6.0,3.0,1.0
997,More than 5 years,5,1,4,2,5,4,50.0,1.5,7.0,2.0,0.0,7.0,2.0,1.0
998,Between 1 and 5 years,10,3,5,5,5,5,60.0,5.0,8.0,2.0,0.5,9.0,3.0,3.0
999,More than 5 years,20,5,5,5,5,5,50.0,0.5,7.5,4.0,0.0,7.5,5.0,0.0
1001,More than 5 years,100,1,5,5,5,5,100.0,12.0,8.0,2.0,0.0,8.0,8.0,8.0
1002,More than 5 years,5,4,5,3,5,3,50.0,1.0,11.0,2.0,0.5,10.0,3.0,3.0
1003,More than 5 years,20,2,4,5,5,5,80.0,2.5,9.0,11.5,0.0,8.0,15.0,1.0
1005,More than 5 years,5,2,3,3,3,3,60.0,1.0,9.0,4.0,0.1,9.5,4.5,1.5
1009,More than 5 years,20,4,5,5,5,5,20.0,2.0,6.0,3.0,0.5,6.0,5.0,2.0
1011,Between 1 and 5 years,40,2,4,5,5,5,100.0,6.0,9.0,1.0,2.0,10.0,3.0,3.0
1012,Between 1 and 5 years,20,4,4,4,4,4,90.0,2.0,7.6,12.4,0.0,7.6,14.4,2.0
1014,Between 1 and 5 years,70,4,4,4,4,4,80.0,1.0,5.0,2.0,5.0,5.0,3.0,3.0
1015,Between 1 and 5 years,5,2,5,5,5,5,100.0,2.5,8.0,4.0,0.0,8.0,7.0,2.0
1016,Between 1 and 5 years,10,3,4,3,4,4,5.0,0.3,6.0,4.0,0.3,6.0,3.0,2.0
1017,More than 5 years,70,3,4,4,3,4,70.0,1.0,1.0,1.0,1.0,1.0,1.0,1.0
1018,More than 5 years,10,3,3,4,4,5,90.0,4.0,4.0,3.0,1.0,4.0,4.0,4.0
1019,More than 5 years,5,3,4,4,4,4,70.0,1.0,8.0,2.0,0.1,6.9,3.0,2.0
1020,More than 5 years,10,2,2,4,5,5,40.0,2.0,7.0,2.0,0.5,9.0,4.0,4.0
1021,More than 5 years,5,3,4,3,4,4,40.0,2.0,7.0,3.0,0.0,9.0,3.0,1.0
1022,Between 1 and 5 years,30,4,4,4,4,4,100.0,1.0,8.0,4.0,0.0,8.0,5.0,1.0
1023,Between 1 and 5 years,5,2,2,2,4,3,60.0,3.0,8.0,12.0,1.0,8.0,13.0,2.0
1026,More than 5 years,20,5,5,5,5,5,40.0,2.0,6.0,4.0,0.0,4.0,5.0,5.0
1027,More than 5 years,5,1,2,2,4,4,60.0,1.5,8.0,6.0,0.5,10.0,4.0,1.0
1028,More than 5 years,5,2,3,2,4,3,30.0,2.0,7.5,5.0,0.0,8.0,7.0,1.0
1029,Between 1 and 5 years,20,5,5,5,4,5,30.0,1.5,8.5,9.0,0.5,9.0,8.5,6.0
1030,More than 5 years,10,1,2,4,1,4,50.0,1.0,5.0,0.0,0.0,6.0,1.0,1.0
1031,Between 1 and 5 years,50,1,4,5,4,5,50.0,1.5,7.5,3.0,0.5,7.0,3.0,2.0
1032,More than 5 years,90,5,5,4,5,4,90.0,4.0,8.0,8.0,0.0,8.0,12.0,4.0
1033,Between 6 and 12 months,30,3,3,2,3,2,5.0,1.0,1.0,1.0,1.0,1.0,1.0,1.0
1034,More than 5 years,30,3,5,5,5,4,40.0,2.0,6.0,4.0,0.5,8.0,2.0,1.0
1035,More than 5 years,30,4,5,5,4,4,5.0,1.0,8.0,4.0,0.0,8.0,4.0,2.0
1039,Between 1 and 5 years,10,4,4,4,4,4,20.0,3.0,11.0,2.0,0.0,10.0,4.0,2.0
1040,More than 5 years,60,3,4,5,4,4,60.0,1.5,6.5,11.0,1.0,6.5,13.0,3.5
1042,More than 5 years,5,2,4,4,4,4,80.0,2.0,6.0,3.0,0.0,8.0,5.0,4.0
1043,More than 5 years,10,3,4,3,5,4,50.0,1.0,8.0,2.0,1.5,8.0,2.0,2.0
1044,More than 5 years,5,1,2,4,5,4,60.0,2.0,8.0,2.0,0.0,8.0,4.0,2.0
1045,More than 5 years,50,3,3,3,3,4,50.0,1.0,10.0,3.0,0.0,10.0,3.0,1.0
1046,More than 5 years,100,5,3,5,5,5,100.0,1.0,5.0,5.0,1.0,6.0,6.0,1.0
1047,More than 5 years,5,5,5,5,5,5,50.0,4.0,8.0,10.0,0.0,8.0,12.0,4.0
1049,More than 5 years,5,3,3,3,3,4,70.0,1.0,8.0,1.0,0.0,8.0,2.0,1.0
1051,Between 6 and 12 months,80,4,4,4,5,3,70.0,1.5,8.0,2.5,1.5,5.0,1.5,1.5
1052,Between 1 and 5 years,10,5,5,5,5,5,60.0,2.0,8.0,2.0,0.0,8.0,4.0,1.0
1054,Between 1 and 5 years,50,4,4,4,4,4,50.0,1.0,8.0,12.0,0.5,8.0,12.5,3.0
1055,More than 5 years,40,3,4,4,4,4,50.0,0.5,8.5,4.0,1.5,9.0,3.0,1.5
1056,Between 1 and 5 years,30,4,2,3,4,4,10.0,2.0,6.0,1.0,0.0,6.0,1.0,1.0
1057,Between 6 and 12 months,40,3,4,4,4,5,80.0,3.0,8.0,10.0,0.0,8.0,8.0,8.0
1058,More than 5 years,20,5,5,5,5,5,5.0,0.5,8.0,5.0,0.0,8.0,5.0,4.0
1059,Between 1 and 5 years,5,2,4,4,5,4,20.0,2.5,8.0,2.0,0.5,8.0,3.0,3.0
1060,More than 5 years,5,4,4,4,4,4,50.0,0.5,6.25,2.0,0.5,6.25,2.0,3.5
1061,More than 5 years,70,4,5,4,4,4,50.0,1.0,6.0,1.0,0.0,6.0,1.0,0.0
1062,Between 6 and 12 months,60,5,3,4,3,4,60.0,1.0,7.0,4.0,2.0,7.0,3.0,2.0
1063,More than 5 years,50,5,5,5,5,5,50.0,0.5,9.0,5.0,0.0,9.0,5.0,2.0
1064,More than 5 years,40,4,4,4,4,4,50.0,1.0,8.0,3.0,2.0,8.0,6.0,8.0
1065,More than 5 years,5,1,3,3,4,5,50.0,4.0,8.0,10.0,1.0,8.0,11.0,4.0
1066,More than 5 years,60,5,5,3,5,3,60.0,4.0,12.0,8.0,4.0,12.0,8.0,0.0
1068,More than 5 years,20,2,4,4,2,2,20.0,2.0,9.0,4.0,1.0,10.0,6.0,4.0
1072,More than 5 years,10,3,4,3,4,3,30.0,0.5,10.0,3.0,0.0,8.0,3.0,4.0
1075,More than 5 years,50,5,5,4,5,4,50.0,0.0,5.0,2.0,1.0,5.0,1.0,0.0
1076,More than 5 years,5,3,4,5,5,5,80.0,1.5,8.0,13.5,0.0,8.0,15.0,1.0
1077,Between 1 and 5 years,30,4,4,4,5,5,90.0,2.0,6.0,7.0,1.0,9.0,10.0,4.0
1078,More than 5 years,20,3,4,3,4,3,30.0,1.0,5.0,1.0,1.0,7.0,2.0,2.0
1080,More than 5 years,100,5,5,5,5,5,100.0,3.0,8.0,2.0,0.0,10.0,2.0,2.0
1082,Between 6 and 12 months,60,3,3,3,3,3,80.0,2.0,2.0,2.0,2.0,2.0,2.0,2.0
1084,Between 1 and 5 years,20,4,5,5,5,5,50.0,1.0,8.0,4.0,0.5,8.0,5.0,3.0
1085,More than 5 years,60,4,5,5,4,5,70.0,1.0,1.0,0.5,1.0,1.0,0.5,0.5
1086,Between 1 and 5 years,90,3,4,4,5,5,80.0,2.0,6.0,1.0,0.0,9.0,1.0,1.0
1087,More than 5 years,20,3,3,4,5,3,20.0,1.0,3.0,2.0,2.0,3.0,1.0,1.0
1088,Between 6 and 12 months,20,4,5,5,5,5,20.0,2.0,8.0,5.0,0.5,8.0,6.0,1.5
1090,Between 1 and 5 years,50,4,5,5,5,5,50.0,0.25,7.0,3.0,0.0,6.0,3.0,2.0
1091,More than 5 years,30,2,4,5,4,5,80.0,1.0,6.0,0.5,0.0,7.0,0.0,0.5
1093,More than 5 years,50,2,4,2,4,4,80.0,2.0,10.0,12.0,0.0,11.0,13.0,0.0
1094,Between 1 and 5 years,10,3,2,3,2,2,20.0,1.0,8.0,4.0,0.5,7.0,5.0,2.0
1095,More than 5 years,50,4,5,4,5,4,50.0,2.0,8.0,3.0,0.5,9.0,3.0,1.5
1097,More than 5 years,50,4,2,5,5,5,50.0,1.0,7.0,1.0,0.0,9.0,3.0,2.0
1099,More than 5 years,5,4,4,2,3,2,10.0,2.5,8.0,3.0,0.5,9.0,3.0,2.0
1100,Between 1 and 5 years,60,2,4,3,3,5,70.0,2.0,8.0,6.0,2.0,8.0,7.0,6.0
1102,Between 1 and 5 years,70,5,4,4,4,5,70.0,1.0,8.0,5.0,1.5,8.0,5.0,4.0
1104,More than 5 years,90,3,5,5,5,5,100.0,4.5,7.5,1.0,0.5,9.0,3.5,3.0
1106,Between 1 and 5 years,10,2,3,3,3,3,10.0,1.0,11.0,11.0,1.0,5.0,1.0,1.0
1108,More than 5 years,90,3,3,3,4,3,90.0,2.0,7.0,4.0,2.0,5.0,2.0,1.0
1109,More than 5 years,20,3,4,4,4,4,50.0,4.0,8.0,2.0,1.0,8.0,3.0,1.0
1110,More than 5 years,30,4,3,3,4,4,60.0,1.0,12.0,2.0,1.0,12.0,1.0,1.0
1111,More than 5 years,50,4,4,4,4,4,50.0,3.0,8.0,2.0,1.0,10.0,2.0,2.0
1112,Between 1 and 5 years,40,2,5,5,5,5,5.0,0.5,7.0,0.0,0.0,7.0,0.0,0.0
1113,More than 5 years,10,4,4,2,4,2,80.0,5.0,14.0,4.0,1.0,18.0,3.0,2.0
1115,More than 5 years,70,5,4,3,4,3,20.0,0.5,9.0,4.0,0.5,9.0,4.0,1.0
1116,More than 5 years,40,5,5,5,5,5,60.0,1.0,7.0,5.0,0.0,7.0,5.0,5.0
1117,More than 5 years,80,3,3,3,3,3,30.0,0.0,4.0,4.0,0.0,6.0,5.0,13.0
1118,Between 1 and 5 years,20,5,5,5,5,5,100.0,2.0,9.0,4.0,0.0,12.0,4.0,4.0
1119,Between 6 and 12 months,40,3,4,4,4,2,40.0,1.0,7.0,5.0,0.0,7.0,8.0,8.0
1121,Between 1 and 5 years,50,4,4,4,4,4,100.0,0.2,7.0,4.0,0.1,7.0,3.0,3.0
1122,Between 1 and 5 years,30,5,5,5,5,5,20.0,0.5,8.0,7.0,0.0,8.0,7.0,4.0
1124,More than 5 years,60,3,5,5,5,5,90.0,3.0,8.0,2.0,0.0,9.0,3.0,3.0
1125,Between 6 and 12 months,5,3,3,2,2,2,20.0,5.0,6.0,11.0,5.0,6.0,11.0,2.0
1126,Between 1 and 5 years,30,3,3,3,2,2,5.0,1.0,2.0,3.0,2.0,2.0,2.0,2.0
1127,More than 5 years,50,5,3,4,4,4,30.0,1.0,8.0,8.0,1.0,8.0,8.0,7.0
1128,Between 6 and 12 months,70,3,2,4,3,4,70.0,1.0,2.0,2.0,1.0,4.0,2.0,2.0
1129,More than 5 years,10,3,1,2,3,4,20.0,0.25,10.0,5.0,0.15,3.0,10.0,3.0
1130,Between 6 and 12 months,50,3,3,3,4,4,60.0,1.5,5.0,0.5,0.0,6.5,1.0,0.05
1131,Between 1 and 5 years,100,5,4,5,5,5,50.0,0.0,8.0,8.0,0.0,8.0,8.0,8.0
1132,More than 5 years,80,5,5,5,5,5,90.0,1.5,8.5,3.5,0.5,8.5,4.0,2.0
1133,Between 1 and 5 years,90,4,4,5,5,5,90.0,1.5,7.5,2.0,0.5,8.5,3.5,3.5
1134,More than 5 years,40,3,5,5,5,5,100.0,2.5,8.0,4.0,0.5,8.0,5.0,4.0
1135,Between 6 and 12 months,20,2,2,2,3,5,100.0,2.0,7.5,2.0,0.0,6.0,3.0,4.0
1136,More than 5 years,30,3,4,5,5,5,80.0,2.0,8.0,2.0,0.5,8.0,5.0,2.0
1138,Between 6 and 12 months,70,2,3,1,3,4,30.0,3.0,5.0,8.0,5.0,5.0,7.0,5.0
1139,Between 1 and 5 years,5,1,4,4,4,4,50.0,4.5,7.5,2.0,2.0,7.5,2.5,2.0
1140,More than 5 years,50,5,5,5,5,5,50.0,1.0,6.0,10.0,0.0,8.0,7.0,9.0
1141,Between 1 and 5 years,5,5,3,4,5,3,20.0,0.5,6.0,3.0,1.0,7.0,3.0,0.0
1142,Between 1 and 5 years,70,4,5,5,4,5,70.0,2.0,6.0,12.0,3.0,7.0,10.0,4.0
1145,Between 6 and 12 months,100,3,3,3,3,2,100.0,3.0,5.0,5.0,0.0,6.0,5.0,4.0
1147,Between 1 and 5 years,20,4,5,3,5,3,30.0,1.2,8.0,4.0,0.0,8.5,4.0,3.0
1149,Between 6 and 12 months,80,3,4,4,4,3,50.0,0.5,5.0,1.0,0.5,5.0,2.0,1.0
1151,More than 5 years,40,5,4,4,4,4,60.0,3.0,2.0,2.0,4.0,3.0,2.0,1.0
1152,More than 5 years,50,4,4,5,4,3,80.0,1.0,5.0,2.0,2.0,2.0,3.0,3.0
1153,Between 6 and 12 months,70,3,4,4,5,4,100.0,2.0,2.0,5.0,0.0,6.0,5.0,5.0
1154,More than 5 years,5,1,2,2,2,2,5.0,1.0,3.0,6.0,1.0,3.0,6.0,5.0
1155,More than 5 years,5,2,4,5,4,5,100.0,3.0,9.0,3.0,0.0,11.0,3.0,2.0
1156,Between 6 and 12 months,50,4,3,5,3,4,50.0,1.0,8.0,7.0,1.0,8.0,5.0,10.0
1157,More than 5 years,20,5,5,3,5,3,20.0,3.0,7.6,5.0,1.0,8.0,5.0,3.0
1158,Between 1 and 5 years,50,4,4,3,5,3,30.0,1.0,9.0,2.0,1.0,9.0,2.0,1.0
1160,Between 6 and 12 months,90,5,4,5,5,4,70.0,1.0,1.0,1.0,1.0,1.0,1.0,1.0
1161,Between 1 and 5 years,5,4,4,5,5,5,20.0,3.0,8.0,2.0,0.0,8.0,5.0,2.0
1162,More than 5 years,5,4,3,3,4,4,50.0,1.0,7.0,2.0,0.0,7.0,3.0,2.0
1163,More than 5 years,5,3,4,4,4,4,30.0,2.0,8.0,10.0,0.5,12.0,10.0,1.5
1164,Between 6 and 12 months,30,5,4,5,5,5,40.0,3.0,7.0,7.0,2.0,7.0,8.0,7.0
1165,More than 5 years,80,5,5,5,4,4,100.0,2.0,5.0,2.0,2.0,5.0,2.0,0.0
1168,More than 5 years,20,2,5,5,5,5,70.0,2.5,8.0,4.0,0.25,8.5,6.0,6.0
1169,More than 5 years,30,4,3,4,4,5,80.0,1.0,8.0,2.0,1.0,8.0,3.0,0.0
1170,Between 1 and 5 years,40,1,5,5,5,5,100.0,1.0,7.5,2.0,0.0,7.5,2.0,2.0
1171,Between 1 and 5 years,20,4,2,5,4,5,90.0,2.0,9.0,5.0,0.0,9.0,5.0,0.0
1172,Between 1 and 5 years,10,3,4,4,4,4,50.0,1.0,10.0,3.0,0.0,10.0,4.0,3.0
1174,More than 5 years,30,4,5,5,5,4,30.0,2.0,6.0,3.0,3.0,6.0,1.0,1.0
1175,Between 1 and 5 years,10,4,3,2,2,2,5.0,1.0,9.0,4.0,0.0,8.0,5.0,2.0
1177,Between 6 and 12 months,30,5,2,3,2,2,10.0,2.0,8.0,3.0,2.0,9.0,2.0,11.0
1178,More than 5 years,80,4,5,5,3,5,80.0,0.5,7.0,8.0,1.0,7.0,8.0,8.0
1179,More than 5 years,70,4,5,5,5,5,80.0,3.0,8.0,1.0,1.0,9.0,2.0,2.0
1180,Between 1 and 5 years,50,3,4,2,3,2,50.0,1.5,7.0,10.0,2.0,12.0,6.0,4.0
1181,Between 6 and 12 months,10,4,1,3,4,4,20.0,12.0,12.0,0.0,12.0,10.0,2.0,0.0
1182,More than 5 years,90,5,3,4,4,5,100.0,2.0,6.0,4.0,2.0,6.0,4.0,2.0
1183,More than 5 years,70,4,4,4,5,5,70.0,2.0,6.0,2.0,1.0,10.0,3.0,1.0
1184,More than 5 years,5,2,4,4,4,4,100.0,2.0,7.0,2.0,0.0,11.0,2.0,2.0
1185,Between 6 and 12 months,30,5,3,1,3,1,5.0,1.0,10.0,6.0,0.0,12.0,4.0,8.0
1186,Between 1 and 5 years,20,2,1,3,1,2,20.0,2.0,7.0,12.0,4.0,8.0,9.0,3.0
1188,Between 1 and 5 years,60,4,4,4,4,4,80.0,2.0,8.0,10.0,2.0,8.0,10.0,3.0
1189,Between 1 and 5 years,30,5,5,5,5,5,50.0,0.5,8.0,7.0,0.5,8.0,7.0,4.0
1191,Between 1 and 5 years,10,4,4,3,4,5,50.0,1.0,8.0,1.0,0.0,9.0,0.5,2.0
1192,Between 6 and 12 months,10,4,2,2,2,2,10.0,2.0,9.0,3.0,0.5,9.0,4.0,2.0
1194,Between 6 and 12 months,50,3,3,4,3,4,10.0,6.0,6.0,6.0,6.0,5.0,7.0,6.0
1195,Between 1 and 5 years,60,4,4,3,4,3,5.0,2.0,8.0,7.0,0.0,7.0,9.0,8.0
1196,Between 1 and 5 years,50,4,4,4,4,4,50.0,1.0,8.0,1.0,1.0,8.0,1.0,1.0
1197,More than 5 years,70,3,3,4,3,4,50.0,1.5,8.0,3.0,0.5,8.0,4.0,2.0
1203,More than 5 years,80,4,5,5,4,5,60.0,1.0,8.0,4.0,0.5,9.0,5.0,2.0
1204,More than 5 years,80,5,3,4,4,4,70.0,1.0,8.0,0.0,0.0,6.0,2.0,3.0
1206,Between 1 and 5 years,10,2,2,4,4,5,80.0,1.0,10.0,4.0,0.0,10.0,5.0,1.0
1208,More than 5 years,5,5,5,3,5,3,5.0,1.0,7.0,10.0,1.0,7.0,10.0,5.0
1209,More than 5 years,80,5,5,5,5,5,80.0,1.5,8.0,5.0,0.5,8.0,6.0,1.5
1211,More than 5 years,100,4,3,4,4,4,30.0,2.0,8.0,6.0,0.0,9.0,4.0,4.0
1212,More than 5 years,20,5,4,4,4,5,20.0,2.0,20.0,2.0,2.0,20.0,2.0,0.0
1213,Between 6 and 12 months,70,4,5,5,5,4,20.0,1.0,2.0,0.5,1.0,1.0,1.0,2.0
1214,More than 5 years,5,5,4,4,4,4,5.0,1.0,10.0,2.0,0.0,10.0,3.0,3.0
1218,Between 6 and 12 months,20,5,4,2,2,5,10.0,6.0,6.0,2.0,5.0,8.0,8.0,3.0
1219,Between 1 and 5 years,5,2,4,4,5,5,40.0,2.0,8.0,2.0,0.5,8.0,3.0,3.0
1221,Between 1 and 5 years,50,1,1,1,1,2,70.0,0.6,10.0,8.0,0.6,12.0,6.0,0.5
1222,Between 1 and 5 years,50,5,5,5,5,5,50.0,3.0,7.0,8.0,0.0,6.0,12.0,6.0
1223,Between 1 and 5 years,10,4,3,3,5,3,5.0,2.0,10.0,2.0,2.0,8.0,2.0,1.0
1224,Between 1 and 5 years,60,4,4,4,3,4,60.0,0.5,6.0,3.0,1.0,6.0,5.0,3.0
1225,Between 6 and 12 months,30,3,4,5,5,4,70.0,2.0,6.0,12.0,2.0,8.0,10.0,4.0
1226,More than 5 years,100,1,5,5,5,4,60.0,2.0,9.0,8.0,0.5,9.5,8.0,6.0
1228,Between 6 and 12 months,20,4,2,4,4,4,40.0,2.0,6.0,5.0,0.5,8.0,4.0,2.0
1229,Between 1 and 5 years,40,4,3,4,3,4,10.0,1.5,6.5,0.5,0.5,7.0,0.5,1.0
1230,More than 5 years,20,3,3,3,4,3,50.0,0.5,8.0,3.0,0.0,10.0,5.0,3.0
1231,Between 1 and 5 years,20,2,2,3,5,5,50.0,0.75,7.5,2.0,0.5,7.0,3.0,0.0
1233,Between 6 and 12 months,50,3,3,4,5,5,50.0,2.0,8.0,8.0,1.0,8.0,5.0,10.0
1234,More than 5 years,100,3,3,5,3,5,100.0,0.0,0.0,0.0,0.0,6.0,3.0,2.0
1235,Between 1 and 5 years,20,2,4,5,5,5,60.0,4.0,7.0,9.0,1.0,7.0,12.0,4.0
1236,Between 6 and 12 months,50,3,3,3,4,3,60.0,2.0,2.0,2.0,2.0,2.0,2.0,2.0
1237,Between 1 and 5 years,20,4,5,5,5,5,80.0,0.75,8.0,6.0,0.0,10.0,2.0,6.0
1238,Between 1 and 5 years,100,3,3,3,3,3,100.0,1.0,3.0,18.0,1.0,3.0,18.0,2.0
1240,More than 5 years,5,2,4,4,5,5,50.0,2.0,7.0,5.0,1.0,9.0,5.0,2.0
1242,Between 1 and 5 years,10,3,4,4,5,4,70.0,2.0,4.0,2.0,1.0,4.0,3.0,3.0
1243,Between 1 and 5 years,30,5,5,3,4,5,30.0,1.0,3.0,2.0,2.0,1.0,2.0,3.0
1244,More than 5 years,10,3,4,5,5,5,80.0,2.0,8.0,13.0,0.5,8.0,14.5,1.0
1245,More than 5 years,20,3,5,5,5,5,100.0,4.0,7.5,0.0,0.0,12.0,1.0,2.0
1249,Between 6 and 12 months,40,5,3,4,5,4,50.0,5.0,8.0,7.0,0.0,8.0,9.0,7.0
1250,Between 1 and 5 years,60,4,4,4,2,4,60.0,2.0,8.0,5.0,2.0,8.0,3.0,3.0
1251,Between 1 and 5 years,100,4,5,5,5,5,100.0,0.5,5.0,1.0,0.0,8.0,2.0,1.0
1252,Between 1 and 5 years,20,2,2,2,2,3,60.0,2.0,5.0,7.0,1.0,8.0,3.0,1.0
1253,More than 5 years,5,2,4,2,4,3,30.0,1.0,8.0,2.0,0.0,8.0,3.0,2.0
1255,Between 1 and 5 years,50,2,1,3,1,2,90.0,2.0,5.0,8.0,1.0,5.0,8.0,2.0
1256,Between 1 and 5 years,50,3,4,4,4,4,60.0,2.0,7.0,5.0,0.5,7.5,6.0,2.0
1257,More than 5 years,60,4,5,1,5,4,70.0,8.0,8.0,4.0,8.0,5.0,6.0,2.0
1258,More than 5 years,10,4,4,4,4,3,20.0,3.0,8.0,3.0,0.5,9.0,3.5,4.0
1259,More than 5 years,80,5,2,3,2,2,60.0,1.0,7.5,2.0,0.0,7.5,4.0,1.0
1260,More than 5 years,80,5,4,5,4,3,70.0,2.0,8.0,4.0,0.5,9.0,4.5,2.0
1263,Between 6 and 12 months,40,4,5,3,5,3,60.0,5.0,5.0,5.0,3.0,5.0,8.0,8.0
1264,More than 5 years,60,4,4,5,4,4,80.0,1.0,3.0,5.0,1.0,4.0,4.0,1.0
1266,Between 1 and 5 years,20,2,3,4,4,4,100.0,1.0,8.0,3.0,1.0,8.0,8.0,3.0
1268,Between 6 and 12 months,10,2,4,3,2,3,70.0,2.0,8.0,12.0,5.0,5.0,5.0,9.0
1269,More than 5 years,100,4,4,4,4,4,100.0,2.0,8.0,12.0,8.0,8.0,4.0,4.0
1270,More than 5 years,5,3,5,5,5,5,50.0,4.0,8.0,10.0,2.0,8.0,12.0,2.0
1271,Between 1 and 5 years,40,3,3,4,4,3,80.0,0.2,8.0,3.0,0.05,10.0,3.0,0.45
1272,Between 1 and 5 years,5,3,3,2,4,2,10.0,2.0,8.0,10.0,0.5,9.0,10.0,4.5
1273,Between 6 and 12 months,30,3,4,2,1,4,30.0,2.0,2.0,5.0,6.0,5.0,8.0,5.0
1274,More than 5 years,5,4,5,5,5,5,60.0,1.5,11.5,10.0,0.5,12.5,10.0,1.0
1279,More than 5 years,30,5,5,5,5,5,50.0,1.0,7.0,4.0,7.0,0.0,3.0,4.0
1280,Between 1 and 5 years,40,3,5,5,3,4,60.0,2.0,7.0,0.0,0.0,7.0,1.0,1.0
1281,More than 5 years,50,4,5,5,5,4,60.0,2.0,4.0,4.0,2.5,5.0,4.0,5.0
1282,More than 5 years,100,4,5,4,4,4,70.0,0.5,8.0,4.0,0.0,8.0,5.0,3.0
1283,Between 1 and 5 years,30,3,4,3,5,4,40.0,2.0,6.0,4.0,1.0,6.0,5.0,3.0
1284,More than 5 years,60,2,2,2,2,1,20.0,1.0,2.0,4.0,1.0,3.0,4.0,4.0
1285,Between 6 and 12 months,100,4,3,3,3,4,40.0,2.5,7.5,3.0,0.5,7.0,3.0,2.0
1286,Between 1 and 5 years,90,4,5,5,5,5,90.0,0.5,8.5,5.0,0.5,9.0,6.0,1.0
1287,Between 1 and 5 years,10,2,4,2,4,2,10.0,4.0,6.0,3.0,1.0,7.0,4.0,2.0
1288,More than 5 years,10,1,3,3,5,4,30.0,1.0,9.0,4.0,0.0,12.0,3.0,2.0
1289,Between 1 and 5 years,10,3,2,2,3,3,30.0,5.0,5.0,5.0,5.0,5.0,5.0,5.0
1290,Between 1 and 5 years,20,4,4,4,4,4,20.0,2.0,8.0,5.0,1.0,6.0,4.0,1.0
1291,More than 5 years,40,3,5,3,5,3,5.0,0.5,7.0,0.0,0.0,8.0,0.0,0.5
1294,More than 5 years,100,5,5,5,5,5,100.0,2.0,8.0,1.0,0.0,8.0,1.0,1.0
1295,Between 6 and 12 months,40,4,3,4,3,3,40.0,3.5,8.5,4.0,0.5,8.5,5.0,4.0
1296,More than 5 years,10,3,3,3,4,4,30.0,3.0,6.0,2.0,3.0,8.0,8.0,5.0
1297,Between 1 and 5 years,50,4,5,4,5,4,60.0,2.0,6.0,3.0,0.0,9.0,5.0,0.0
1298,More than 5 years,5,1,5,5,5,5,80.0,2.0,7.5,5.0,0.5,7.5,5.0,1.0
1299,More than 5 years,100,4,4,3,4,4,90.0,2.0,10.0,6.0,1.0,11.0,5.0,7.0
1301,More than 5 years,40,1,1,1,5,5,50.0,0.15,8.0,8.0,0.15,8.0,7.0,1.0
1302,Between 1 and 5 years,30,4,4,3,3,4,40.0,1.0,8.0,0.0,3.0,4.0,1.0,2.0
1305,More than 5 years,20,3,4,4,4,4,20.0,1.0,10.0,12.0,0.0,9.0,10.0,1.0
1306,Between 6 and 12 months,30,4,4,5,4,5,40.0,3.0,6.0,10.0,2.0,7.0,9.0,6.0
1307,More than 5 years,100,3,1,4,2,4,50.0,2.5,4.0,4.0,0.0,4.0,6.0,5.0
1308,Between 1 and 5 years,30,4,4,4,5,4,70.0,1.0,7.0,6.0,0.0,6.0,7.0,5.0
1309,More than 5 years,10,3,4,4,4,4,20.0,2.0,8.0,6.0,0.0,9.5,6.0,3.0
1310,More than 5 years,100,5,5,5,5,5,100.0,0.0,7.0,2.0,0.0,7.0,2.0,3.0
1311,More than 5 years,10,4,4,4,4,4,20.0,2.0,7.0,2.0,0.5,7.0,3.5,2.0
1313,More than 5 years,60,4,5,4,5,4,90.0,0.25,6.0,4.0,0.0,9.0,2.0,2.0
1315,More than 5 years,10,1,4,3,5,4,40.0,2.0,9.0,3.0,0.0,10.0,3.0,4.0
1316,Between 6 and 12 months,80,5,5,4,5,5,50.0,2.0,1.0,1.0,2.0,2.0,1.0,1.0
1317,More than 5 years,20,5,5,3,5,3,50.0,3.0,8.0,2.0,1.0,8.0,3.0,4.0
1319,Between 6 and 12 months,100,5,5,5,5,4,80.0,1.5,8.0,3.0,0.5,9.0,3.0,2.0
1320,Between 1 and 5 years,20,5,5,5,5,5,40.0,1.0,6.0,3.0,0.5,6.0,4.0,3.0
1321,Between 1 and 5 years,20,4,4,4,4,5,80.0,2.0,8.0,4.0,0.5,6.0,8.0,8.0
1322,Between 1 and 5 years,20,3,3,2,2,2,5.0,2.0,6.0,2.0,2.0,6.0,2.0,1.0
1324,More than 5 years,50,4,3,3,3,3,50.0,1.0,7.0,10.0,1.0,7.0,10.0,6.0
1325,Between 1 and 5 years,100,4,3,4,3,4,100.0,2.0,4.0,4.0,0.0,4.0,4.0,4.0
1327,Between 6 and 12 months,60,5,4,4,4,4,30.0,1.0,8.0,3.0,0.0,8.0,5.0,4.0
1329,Between 1 and 5 years,5,2,4,4,4,3,50.0,2.5,6.5,13.0,0.0,7.5,14.5,2.0
1332,More than 5 years,5,5,4,4,5,4,60.0,3.5,8.0,4.0,0.0,9.0,6.0,1.0
1333,Between 6 and 12 months,40,2,3,4,3,3,60.0,1.0,8.0,1.0,0.0,7.0,4.0,4.0
1334,Between 1 and 5 years,40,4,3,5,3,5,30.0,1.0,9.0,1.0,0.0,10.0,1.0,1.0
1335,Between 1 and 5 years,20,3,5,5,5,5,100.0,5.0,8.0,2.0,0.0,10.0,4.0,3.0
1336,More than 5 years,100,2,3,4,5,5,100.0,0.5,7.0,0.0,0.0,8.0,0.5,0.0
1339,Between 1 and 5 years,50,4,5,5,5,5,100.0,1.0,8.0,0.0,0.0,8.0,0.0,0.0
1340,Between 6 and 12 months,40,5,4,3,5,4,30.0,3.0,7.0,8.0,3.0,7.0,8.0,6.0
1344,Between 6 and 12 months,5,1,5,5,5,5,100.0,2.0,9.0,10.0,0.0,9.0,10.0,5.0
1345,Between 1 and 5 years,20,3,2,3,3,4,20.0,1.0,1.0,1.0,1.0,1.0,1.0,1.0
1347,Between 1 and 5 years,20,4,4,5,5,5,100.0,5.0,7.0,2.0,0.5,8.0,4.0,2.0
1348,More than 5 years,40,5,4,3,4,5,40.0,3.5,8.0,4.0,1.0,8.0,4.0,5.0
1349,More than 5 years,100,5,1,4,1,4,100.0,0.0,6.0,10.0,0.0,6.0,10.0,8.0
1350,Between 6 and 12 months,20,3,3,4,4,4,60.0,1.5,7.5,3.0,0.5,9.0,4.0,0.5
1351,Between 1 and 5 years,5,4,4,3,4,5,60.0,1.5,9.0,3.0,0.25,9.0,4.0,1.0
1353,Between 6 and 12 months,40,5,5,5,5,4,40.0,3.0,8.0,8.0,3.0,8.0,6.0,7.0
1357,More than 5 years,50,4,4,4,4,5,80.0,0.5,4.0,2.0,0.5,4.0,2.0,2.0
1359,More than 5 years,60,4,5,4,5,5,40.0,2.0,6.0,5.0,3.0,6.0,8.0,6.0
1360,Between 1 and 5 years,50,5,4,4,4,3,70.0,0.0,10.0,3.0,0.0,10.0,3.0,1.0
1361,Between 6 and 12 months,60,5,3,5,3,5,90.0,1.85,4.5,0.5,0.3,4.5,1.5,2.2
1363,More than 5 years,20,2,4,4,5,5,60.0,1.5,8.0,2.0,0.5,7.0,1.0,1.0
1365,Between 6 and 12 months,40,4,4,3,4,4,50.0,1.0,1.0,1.0,2.0,1.0,2.0,1.0
1367,Between 6 and 12 months,50,4,4,4,4,4,40.0,1.0,0.5,1.0,1.0,0.5,1.0,0.5
1371,Between 6 and 12 months,60,4,3,4,3,3,80.0,2.0,9.0,1.0,0.0,9.0,3.0,3.0
